domain,aboutdata
beginners-crypto.com,
cdc.promo,
mhealth.tech,
wineark.com.au,
icnet.tv,
clarovtr.cl,
rspndr.io,
nnip.net,
speakap.nl,
nasaviation.com,
dgplatform.net,
033-telecom.net,
kahf.com.tr,
unibetgames.be,
if-id.de,
barternewsweekly.com,
hamsaremasihi.com,
ijtehadat.com,
3b8e4eb36d.com,
software-ant.xyz,
soloway-club.ru,
hambastegimeli.com,
a279fhxy.top,
thenilgirisfoundation.org,
0244912d638a881df23144d8de3170982c31a3869ed761acfd86d188.com,
a280fhxy.top,
grinnfilm.ru,
separchitects.in,
portaldainfiltracao.com.br,
a278fhxy.top,
rleonemosvo.com,
goldensacam.com,
purplesacam.com,
prevenindoacistite.com.br,
extimaoficial.com.br,
houdinillewellins.com,
momentumsupport.ca,
befucktube.com,
cerebrointestino.com.br,
lx750.com.br,
foline.com.br,
onecrow.net,
proffpuree.ru,
ohiodrama.com,
apsentreinamento.com.br,
ir-vlue3.ir,
howcircus.com,
blogrenataspallicci.com.br,
dsoayfumcsgfx.com,
bazkhord.org,
airbnb-cn.com,
findandfollow.com.ua,
tapecompensationinjustice.com,
dollovely.com,
oftshukiqa.com,
a277fhxy.top,
jhonuport.com,
adtprogr.com,
abpdagjcamho.com,
nipkfyrmea.com,
qltdmvr.cn,
paylasimmutfagi.com,
podesersii.com.br,
mmcd.top,
cdngwc.cc,
sdnog.sd,
ogqjpifi.com,
padwtijus.com,
friendswoodwomen.com,
a270jys.top,
aqsoqwnfu.com,
pkyfusgah.com,
futdicbardzi.com,
a272jys.top,
turkelcerrahisidernegi.com,
linksjump.info,
comoiniciarnopedal.com.br,
cronospos.com,
dogandcrook.co.uk,
aster668.com,
kpyzfyal.com,
dmoampmk.com,
pfendrodu.com,
swingpg.com,
baaxadlryev.com,
custom-cutters.com,
gadis-desa.online,
jb666.group,
jero.love,
familylust.net,
kinqroyal953.com,
budgetfriendly.info,
vz99-mobi.com,
syhftyqc.com,
phislinks.ru,
fumoshop.com,
guestviral.com,
oscarsoldmetairie.com,
plendru.xyz,
cils.ca,
home-life.com,
drgn11ney.casino,
mature-milf-porn.com,
changyinwuyou.com,
trackhill.com,
routeengine.xyz,
dreams.ly,
uatmarcus.com,
blyncsy.com,
zahamcnujrr.com,
velcoa.com,
ld-seo.com,
hdyhrax.cn,
tubepatrolporn.net,
vivavgoxg.com,
fojsxocqfwqtt.com,
indobet.top,
couponlist.ink,
vincons.com.vn,
debug.com,
takpeziclli.com,
theptienchemiennam.com,
good-chip.com,
a257dmy.top,
bentleyhosting.com,
upxl.site,
top-online-casino-melbet913.ru,
gaze-temiz.com,
nagra.ch,
willowstonerealty.in,
gebrallgep.site,
wikihunt.ru,
cobypat.com,
ap-gs.com,
americans.org,
bolinyun.com,
u-gs.com,
cixu.net,
a274jys.top,
gorberaja.xyz,
vwg.co.uk,
dev-aibixby.com,
javascriptist.net,
cambridgeglobalist.org,
ajjjhuaq.com,
cryptoblackjackx.com,
ratetoponlinecasino.ru,
slowcheetah.org,
talenestvista.com,
1whony.com,
a269dmy.top,
ceri808.cfd,
dnmai.de,
bdsec.ru,
dnsprivacy.org.uk,
oqnbnrfg.com,
transactis.com,
storyvistaecho.com,
wordpulseecho.com,
ingo.ru,
r5gcp9.com,
struntboris.com,
freezinggood.ch,
loungecasinohq.com,
arox.ro,
69api.cn,
raynet.de,
jyfvmhtvncopit.com,
nftemission.com,
pronetservice.net,
hellmanns.no,
faktavarden.se,
a260dmy.top,
vardagsuppdatering.se,
fziroxy.cn,
tankevinkeln.se,
glowhousepro.com,
teknikkompassen.se,
mentalstrategi.se,
innerbalancepath.com,
yourplanaccess.com,
affarsfloden.se,
a264dmy.top,
sov-u.net,
teknikperspekt.se,
tankekartan.se,
kanacafe.ae,
samhallsinsikt.se,
ecustserv.net,
michaelwilcoxschoolofcolour.com,
tillvaxtvinklar.se,
heladosholanda.com.mx,
anygen-metrics.com,
perspektivkollen.se,
noaceducation.com,
digitalarenan.se,
aceblackjackhq.com,
highrollerpeakcity247.com,
tillvaxtblogg.se,
0440.casino,
br.co.uk,
glownestfeed.com,
primebrackettowerhq.com,
arenaclutch.com,
teknikfarden.se,
renataspallicci.com.br,
rollclutchprime.com,
truebloomvista.com,
tg8803.com,
leaguetowervault.com,
fastemote.com,
thunderbaccarat.com,
glowggforge.com,
m-pulibet812.com,
utveckladig.se,
amautcwt.com,
journalpulsebuzzfeed.com,
gamestation360.com,
bracketworksoasis.com,
nexusoddsdeckx.com,
consolerealmworks360.com,
rapiddicejackpot360.com,
insiktsmedia.se,
tillvaxtvyer.se,
ntcdntempu26.com,
icecreamdelivery.com,
notepulsetrail360.com,
boldnestecho.com,
eebbgo.com,
notetrailbuzzfeed.com,
artikelstrategi.se,
autoscout24.au,
housegamesgo.com,
notebuzztrail360.com,
royalwagerempire360.com,
noteechofeed.com,
dailybuzzechotrail.com,
teknikriktning.se,
leaguevaultbank.com,
talknestnotes.com,
securesvp.com,
wherepaymentsmeetlife.com,
boldechotrail360.com,
teknikstrategen.se,
zenithdomeprox.com,
voxnesthub.com,
klokfokus.se,
maxdenesportspro.com,
platinumroll.com,
blogpulsetrail360.com,
bequest.pt,
perspektividag.se,
aquablue.boats,
tankesammanfattning.se,
successbuzzblog.com,
wordechofeed360.com,
vardagsarenan.se,
livsresurs.se,
mentalvy.se,
turbovipvault.com,
nischvarden.se,
boldbuzztrail.com,
legendviplabs.com,
oddscityx.com,
boldjournalecho.com,
mobileoasisclubgo.com,
ekonomistrategen.se,
hyperwagerpulse.com,
cosmicggworks.com,
globalintifibertech.com,
vardagsrosten.se,
framtidsinsikt.se,
siooc.ca,
samhallsresan.se,
universalpicturesawards.com,
glowfeedtrail.com,
websterpaymentlink.com,
capribon.com,
boldecho360.com,
amnyashka.ru,
galaxyarenago.com,
teknikinslag.se,
awcarpet.com,
kunskapspulsen.se,
marknadsblick.se,
ayfjcd1n1ho.com,
voxloom360.com,
phoenixarenaroulette.com,
dsmi.tv,
capacidadefuncional.com.br,
livsblickar.se,
bayoucitytriseries.com,
bit-supp.co.uk,
weatherby.dk,
onlinevy.se,
akvxpoguhja.com,
limitlex.com,
gamespulseprime.com,
framtidsaffarer.se,
livssammanfattning.se,
webbflode.se,
barcodestripe.com,
legendarystackcasino.com,
lfamuxkaqobp.com,
talepulse360.com,
storypulsehub.com,
wo51ur2ihe.com,
hyperdojobetsgo.com,
biubiucdn.xyz,
edifi.app,
flickshort.net,
metastreamstack.com,
fermavkusa.ru,
pixelsstack.com,
dailybuzzharbor.com,
baccaratzonestack.com,
arcadecrewlabs.com,
livsuppdatering.se,
cornerstonecabco.com,
updateinfo.com,
videovidey.site,
vardagsstrategi.se,
wame2030.org,
astroleveluppoint.com,
szmnv2777wajdws.com,
kunskapsrapport.se,
affarsuppdatering.se,
baccaratnationpulseprox.com,
lavtcyojffug.com,
playnestzone.com,
journalbuzztrail.com,
5movierulz.reisen,
a259dmy.top,
zeus3.ru,
sqstat.ru,
fqht4c.com,
kaog.net,
boldpulsefeed.com,
affarsvinklar.se,
tankenyanser.se,
infostrimman.se,
glowtrail360.com,
freshechobuzz360.com,
blogpulseechotrail.com,
bisectsdrona.shop,
epicjackpotcorner.com,
musetrail.com,
bloggmedia.se,
startmobilemoney.com,
journalpulsebuzz.com,
openjson301.com,
betscove.com,
sparkretroland.com,
ekonomivyer.se,
apexzoneparlay.com,
notenestfeed.com,
nama.co.id,
ditd.com.au,
pagebloom360.com,
dailybuzztrail360.com,
maxlynds.com,
corewager247.com,
wordechoworld.com,
baccarathubvault.com,
boldechotrailfeed.com,
hostinecubaly.cz,
livsarenan.se,
apexbetspro.com,
itproximus.com,
tnl-online.com,
panoramaspa.mk,
cloudninefresh.com,
owner-pluto.net,
masachoset-belosan.co.uk,
freshtrailfeed.com,
wgbdsas.com,
alphaoddsmobile.com,
notevista360.com,
beout.net,
synclusiveinno.com,
rollmetaprox.com,
aktuellfokus.se,
verdelliboutique.it,
directbikes.co.uk,
tillvaxtfokus.se,
dailytrailecho.com,
livsfarden.se,
truesphereworld.com,
tillvaxtguiden.se,
perspektivpunkten.se,
ekonomifloden.se,
wordvista360.com,
boldjournaltrail.com,
vasiliy-aksyonov.ru,
betsstackpulse.com,
coreesportsworks.com,
usbankofac.com,
neoslotsvault.com,
royalesportsstationprox.com,
spinsrisex.com,
foretagsvy.se,
pronestprime.com,
xiuyashequ.com,
airpay.ae,
boldbuzzecho360.com,
actprosper.co.uk,
boldbuzztrailecho.com,
daniela-hirschauer.de,
tekniknyanser.se,
miyatakogyo.co.jp,
ordstrom.se,
sportsonline.click,
vidua.nl,
notebuzzecho360.com,
4626929.xyz,
ekonomiperspekt.se,
blogloom360.com,
nextpulsepixels.com,
digitalsammanfattning.se,
kaanpeteroi.org,
freshnotesecho.com,
notenestbuzz.com,
usbankmyaccount.com,
journalechopulsefeed.com,
agricoop.nic.in,
digitaluppdatering.se,
ryandor.com,
conradjohnsonowners.com,
bestdentalreviews.com,
nswregionalseniors.cards,
pd5i1po231.sbs,
professioneller-innenausbau.de,
dy218999.com,
primeflushlevelup.com,
yuanshunhe.com,
7k108.casino,
samhallspuls.se,
scriboraecho.com,
corefactory247.com,
klokliv.se,
affarskommentar.se,
digitalriktning.se,
wapminishorts.com,
journalpulsebuzz360.com,
eeexbbx.cn,
lzxdst.com,
babafig.com,
originalio.ro,
tankearenan.se,
dojopcprime.com,
antiquitaeten-spalenberg.ch,
propbetport.com,
lgdznb.com,
wordspherepulse.com,
lecinc.co.jp,
cotarconvenio.com.br,
tillvaxtresurs.se,
theacttv.com,
glowjournalfeed.com,
paycalifornia.com,
24kai.ru,
ndots1885.top,
quantumnationhighrollerx.com,
35xs.cc,
ladderjackpotbay.com,
onlinemaletas.com,
www622567.com,
ubnw.net,
glowjournalbuzz360.com,
multicampanhas.com.br,
tdnewissues.com,
parguianimalnadador.cfd,
scriborahub.com,
ns3.ai,
dailybuzzechonow.com,
wordvistapulse.com,
teknikton.se,
lian.ws,
parlaystreamworks.com,
hivescrim.com,
tillvaxtarenan.se,
bzindia.in,
affarsarenan.se,
wordbloompulse.com,
ysseo.com.cn,
perspektivkanalen.se,
nyfikenperspektiv.se,
mammothkookily.fun,
horse-and-rider.de,
foretagsforum.se,
mountfuji.tours,
kuesf1.com,
in2ideas.com,
livsnyanser.se,
dailynotesecho.com,
livsvalet.se,
tankestod.se,
a281jys.top,
glowvistaecho.com,
vortexrealmpro.com,
lordseriala12.pro,
lord341ty.top,
insiktsflode.se,
forgeblackjack.com,
infokanalen.se,
thediscardpile.com,
fuji-totochan.com,
1113ylxx301.top,
awoutlet.co.uk,
groupe-cdc-habitat.com,
entrecloud.com,
vmd.su,
truevistaworld.com,
ekonomioversikt.se,
generaliglobalassistance.com,
bracketvault.com,
ekonomivarden.se,
vardagsspan.se,
a275ylxx.top,
tankecommentar.se,
freshbuzztrail360.com,
pmeconveniocotacao.com.br,
spinsdicezonego.com,
ipercom.com,
truestore.eu,
arteco-coolants.com,
margarito.es,
ob9sgd.com,
knallertforum.dk,
bodyinmind.com,
teknikflode.se,
plazmavoice.live,
tankeinsikt.se,
www737382.com,
vardagsmagasin.se,
scannerfulfillment.com,
globalnewsasia.com,
bloggvarden.se,
metavantebankway.com,
tankeflodet.se,
rheuma-reichel.de,
samhallsvy.se,
3012.casino,
letablierdecole.com,
plumbingsuperstore.co.uk,
aktiongutesbier.de,
ry600.com,
cryptotradesignals.live,
factorypcx.com,
tillvaxtlinjen.se,
ckint.io,
jobsandrecruiting.com,
photorecoverapp.com,
maxbaseesports.com,
truetrailpulse.com,
kangoro-boll.co.uk,
1xbet-congo.com,
zettletest.com,
glowsphere360.com,
propbetstreamarena.com,
vodka-tr.top,
reflagschemer.cyou,
amalpedulinusantara.asia,
truetrailvista.com,
luckypeakretro.com,
top-online-casino-melbet823.ru,
onlinevardag.se,
affarsvy.se,
ekonomivinklar.se,
kunskapsblick.se,
journaltrailbuzz360.com,
playlandhq.com,
dixel-rp.com,
mibosport.com,
perfumesclub.com.mx,
ev8wvei3.us,
wagervaultpointmax.com,
wordpulsevista.com,
tillvaxtmedia.se,
mindfulmatterszone.com,
tillvaxtoversikt.se,
kunskapsvy.se,
tillvaxtuppdatering.se,
vardagsriktning.se,
leaguenationplanetprime.com,
jingyanla.com,
mentalresan.se,
siterise.com,
hsshuw.com,
tillvaxtportalen.se,
a282jys.top,
teo-practice.site,
voxechopulse.com,
afiliadosninja.com,
reelshortnovel.com,
maxxcount.de,
scriborapulse.com,
spenzapay.com,
huf.co.in,
njtkh.com,
storyvistabloom.com,
iranfreemarz.com,
momboss.com,
vardagsforum.se,
tourismnoosa.com,
tankestrategen.se,
strixvia.digital,
ook-wow.com,
knotmonkey.com,
spinsspingrid.com,
digitalbloggen.se,
parlaydeckbank.com,
naftic.net,
klokhorisont.se,
callboyvn.com,
fragmarketvault.com,
tankemodellen.se,
minikenungiddy.qpon,
lacquermenailbar.com,
ekonomiresan.se,
ij6mfq.com,
atwarehouseprices.co.uk,
livsfard.se,
betsnationpro.com,
cybercx.co.nz,
shuttlebalon.cfd,
ultahhost.hair,
tankeskaparen.se,
onlineflode.se,
inbounddomains.com,
xmasprankhhfun.com,
horlicks.com.my,
dizilla.to,
vardagsreflex.se,
tankeinslag.se,
sslservredirsafe.com,
appuifloreal.com,
hgsupportcnx3.com,
tankeblicken.se,
dizipal.nl,
nettingbee.com,
boldechoworld.com,
mpgrandprix.com,
spectrumebp.com,
vectorgamecity.com,
voxvistaecho.com,
a265dmy.top,
ardabayrak.com,
vardagsrapport.se,
insiktsresan.se,
shopldl.lu,
contentblick.se,
vardagsperspektiv.se,
nischinsikt.se,
l0vis.co.uk,
spinpcprime.com,
vardagsblicket.se,
mentalrapport.se,
pixelsstation.com,
1120ylxx301.top,
cxgen.cn,
booking-ads.com,
affarslinjen.se,
calissone.fr,
gongmulingyuanwang.com,
al-quran.co,
perspektivsvy.se,
raiaanimalnadador.cfd,
chest.today,
seosaps.com,
b0e1129y.com,
personligfokus.se,
ll0b8kyfuz.com,
embassynigeriaturkey.com,
bravosex.mobi,
examwavery.cyou,
a280jys.top,
pk33db3ziz.com,
glownestbuzz.com,
inspirationsguiden.se,
vintagewardrobe.ro,
quickcardconnect.com,
frechiyogurt.com,
icecreamshopus.com,
wujiexi.top,
upshotspaolo.com,
bokeplot.in,
tankeuppdatering.se,
tankevyer.se,
phodn4lw.com,
tillvaxtanalysen.se,
continulus.com,
dienmaytruongdoanh.vn,
gcdrcq.com,
faktaperspektiv.se,
xp2xzg8l4.com,
jokeray.com,
dfzqcfapi.vip,
dailynestworld.com,
journalvistaecho.com,
fidelerelive.cfd,
pp-co.ir,
patinecollection.com,
ordarenan.se,
docscreator.com,
dimplehoddin.shop,
bbzfk.com,
ekonominyanser.se,
metawagercrew.com,
tankebanor.se,
bookzonecollegestreet.com,
tillvaxtfokuspunkt.se,
vivicomi11.info,
serverelements.com,
wordbloomvista.com,
biliandempire.com,
a279jys.top,
1wmvgn.com,
ns-1.online,
onlineblick.se,
a277jys.top,
vardagsuppslag.se,
crewretrox.com,
metcoverart.com,
nischportalen.se,
batrustlimited.co.uk,
livsinslag.se,
playbanknow.com,
bqg8140.cc,
fragpeak.com,
ekonomiblickar.se,
notebuzzechofeed.com,
nijhuishistory.com,
tankekollen.se,
monoskiklub.ch,
execpay.org,
firstrespones.com,
king21.top,
1pl2yc.com,
scrimgalaxycity.com,
journalvistahub.com,
cz777e.com,
digitalfloden.se,
isumall.com,
xr7o2w.com,
sabinestatebank.biz,
rsvdns08.com,
0573ol.com,
1024txt.com,
35ge.info,
600cc.org,
abcdtools.com,
afternoonexpress.co.za,
applandus.com,
atlantiscondoresort.com,
azcodepostal.com,
b7casino777.com,
boyermatrimony.com,
ceylonfoodonline.com,
clarizo4.com,
clashcity.com,
cn-m-wending.com,
cryptoleogogo.com,
dressfirst.com,
e91gjvk.com,
ebonymature.net,
eecaulk.com,
eectuning.org,
fan-chat.com,
filletmastertools.com,
garthnixfans.com,
genserve.ai,
greatsayings.net,
homes-thailand.com,
iproxy.cloud,
jamaicaautoclassifieds.com,
jokabetsgo.com,
kan02.com,
kbookstore.com,
kklong.com,
korani1.com,
ldbq.cc,
livemusic.com.my,
maispagamentos.com.br,
maxbroock.com,
mbige.com,
neenahlibrary.org,
ninewingo.com,
nunocardosocarpintaria.pt,
occonnect.com,
of.to,
oldfriends.live,
ontelly.co.uk,
p10s.net,
partslegion.com,
pegloinnovations.com,
peterking.ir,
photogenica.eu,
pic5.com.cn,
pkrjs666.com,
polymedia.app,
ppy.sb,
properstar.sg,
qibuge.com,
racingyears.com,
rxd-radiant.com,
schoolsaustralia.com,
screechingstove.com,
spectro-aras.com,
stockfood.in,
suburbanfurniture.com,
superaichao.xin,
sylvazo4.com,
tacular.net,
tags.cc,
takehomecheck.com,
thelincolnforum.net,
thestore.fr,
tj3f2xwr.com,
trypearl.no,
valves-direct.com,
vhs-mosbach.de,
wego.vn,
wenzigu.com,
wp12367.com,
xfyousheng.com,
yourfan.top,
zarighar.com,
dialpg.com,
dialpgapp.com,
dialpgpay.com,
dialpgpay1.com,
estudo777.app,
estudo777.bet,
eylcqofxg.com,
harinatalpgpay.com,
intipos.com,
w1-harinatalpg.com,
we-dialpg.com,
xtsglzwsy.com,
goschonheit.de,
bloggkompassen.se,
3dzyk.cn,
frxs9.cc,
fuckindianclips.com,
getitall.top,
wlbb.org,
xinbqg.cc,
assistenciamedicabr.com.br,
btyso42.com,
codexero.xyz,
cotacaoconveniopme.com.br,
cotacaoespecial.com.br,
cotacaomedicopme.com.br,
descontoplanos.com.br,
diminuacustos.com.br,
economianoplano.com.br,
economianoseguro.com.br,
liberoudesconto.com.br,
mixsmartseguro.com.br,
pjdqjdf.cn,
recomendacaoplanos.com.br,
todosplanos.com.br,
wafflenoot.com,
wrifflenork.com,
zaoxingbang.com,
obziva.cz,
tengfahuishou.com.cn,
385bet12.com,
4mcentral.com,
4tubsexer.com,
51dmw7.com,
521895.xyz,
5by19gqq.com,
777crown.io,
923000.xyz,
97sup.com,
abrfarsianiranian.ir,
altadefinizione-01.uno,
arcelik-aqjvnt.info,
aws-storage01.site,
bjphjplq6dyra.bar,
boavidasaude.com.br,
brmaispromoempresas.com.br,
campanhaplanomedico.com.br,
careplanos.com.br,
cc44c99.com,
cellonline.sbs,
configo.ir,
convenioeconomico.com.br,
d3w9.com,
dybwklz.cn,
economianoconvenio.com.br,
egq8a3k.com,
macan-amsjd.info,
p9k8.com,
planodesaudetop.com.br,
planomedicotop10.com.br,
probable.markets,
quanminip.com,
r7c3.com,
recodemumbo.com,
roundcacube.top,
rysonai.com,
s1l4z7.com,
saamserver.com,
segurosaudeplanos.com.br,
semna.ir,
ssggerp.top,
t5j9.com,
v9g1.com,
viripdirect.shop,
vitrineplanossaude.com.br,
win7977.com,
win8345.com,
win9199.com,
win9566.com,
win9987.com,
xfdg2.com,
xmaza.ac,
ychbkj168.com,
ynrwkze.cc,
zhuiyun.shop,
aochengfengyunxinxi.cn,
dailybuzzpulsefeed.com,
unaipm.com,
glowfeednow.com,
1wozms.com,
sk-zavod.ru,
boldjournalbuzz.com,
tankebloggen.se,
viraindo.net,
myfastredirect.com,
chronusgov.com,
ekonomilinjen.se,
royaldomainlines.com,
glowbuzzechofeed.com,
reputedweb.com,
actionxxx.com,
besnyo.hu,
birbbj.icu,
retrooddsdeck.com,
talevistaworld.com,
dailypulsebuzz360.com,
49native.com,
856782.xyz,
royalschool.pt,
personligtflode.se,
notenest360.com,
wordsphereecho.com,
cocoonathletics.jp,
clqcgf.com,
blogginsikt.se,
eclipsedeck.com,
judgefarms.com,
private-axa.com,
sacredgroundscafe.net,
spartanalumnirowing.org,
digitalperspekt.se,
66v.casino,
jirou.fit,
contenthubben.se,
tillvaxtnyanser.se,
installer-zoom.com,
teknikoversikt.se,
livsreflektion.se,
rajalebah.click,
livsoversikt.se,
revops.io,
webhostny.com,
wheelchairavoid.com,
youweb.network,
surname.uk,
vardagsfloden.se,
genet.ir,
www4336666.com,
thekidsclinic.us,
garri-potter-smotret-vse-chasti-lordfilm.ru,
vipzonestation.com,
truepulseworld.com,
indianbarcode.com,
bemined.nl,
artikelflode.se,
dailybuzzfeed.com,
l0vsi.co.uk,
disneyinflight.com,
talevistapulse.com,
tryyucca.com,
zerkalo32.casino,
vardagsreflektion.se,
tillvaxtkommentar.se,
balakhandmadegems.co.uk,
vardagsarenase.se,
talepulsevista.com,
leveluplabhouse.com,
samhallsforum.se,
tillvaxtperspekt.se,
a275jys.top,
5play.lat,
96d2c00b3e.com,
adpon-plus.net,
cod.partners,
talenestpulse.com,
zetalines.com,
mayak-market.ru,
glowbuzztrail.com,
pbdhost.com,
acuracao.com,
betversego.com,
vardagsdjup.se,
ystatami.com,
photoidnet.com,
sgc02.com,
reduba.com,
vardagsblickar.se,
truevistabloom.com,
aloud745.asia,
taxi-maxim.ru,
storytrailvista.com,
truecall-ar.com,
club-lada-granta.ru,
digitaldreamstudios.net,
vac-service.ru,
lyjlxx.com,
askan.ai,
hentaihardcore.net,
fleurtex.ru,
jindun123.com,
herobrine.ru,
tankekraft.se,
vidrocketcdn.online,
videolinkedge.online,
maler-gipser-vergleich.ch,
slypos.com,
frederic-beausoleil.com,
marknadsportalen.se,
bestbibleforkids.co.uk,
multi-telekom.pl,
rambay.id,
degreesphd.net,
tillvaxtpuls.se,
sum-atm.com,
faktaoversikt.se,
vardagsblick.se,
bostonpharma.vn,
ynxcdp.com,
digitalblickar.se,
interlabs-has.com,
propbetdicenationhq.com,
psspy.org,
spark-shop.com,
luckytech.sbs,
unlistedstock.com.tw,
alpharollwager.com,
a278jys.top,
dragonsurvival.eu,
livstonen.se,
ary2.com,
szwbao.com,
contentflode.se,
boldsphere360.com,
thainguyentv.vn,
rapidcasinoempire.com,
vardagsinspiration.se,
start-lordfilm.top,
anty-api.com,
yebocasino.io,
teknikvy.se,
ricbet.win,
ppdgiftcard.com,
noxian.cfd,
flyfishlist.org,
sandwichesindividualclaims.com,
webbinsikter.se,
goldenspreadbankx.com,
168car.com,
qsfew.com,
lirimy.com,
tankevinklar.se,
hondaggresmi.com,
tankeresurs.se,
restpirestilosaperto.online,
livsvinklar.se,
iejngwt.com,
livsperspektiven.se,
tokyo-gourmet.net,
nzbusinesses.com,
sat-elita.net.pl,
infovarden.se,
ageblock.org,
madaratcdn.online,
sabinebank.us,
calaicidi.com,
sanskrit-linguistics.org,
consoleworksstation.com,
klimaschutz-niedersachsen.de,
fairandsquareplumbing.com,
defranca.mx,
xinli110.com,
0oy6.com,
fatr.at,
storytrailworld.com,
storyspherepulse.com,
xd-xk.com,
tulsapromenade.com,
zentroblog.com,
pezetech.com,
848971.xyz,
escortduzce.com,
1wqoly.com,
chuweiwujin.com,
airtkt.com,
stage1kmj.jp,
ondysunlike.shop,
blogecho360.com,
up4fun.top,
menahub.com,
blogauraworld.com,
rc-hangout.com,
changaotrade.com,
sfusbmyaccount.com,
schmoesnutcake.com,
milturbo.com.br,
boldpulseechotrail.com,
pronted.in,
tankesignal.se,
parlayporthq.com,
codingdavinci.de,
conzentra.com,
tounou.co.kr,
truck1.com.tr,
voxvistaworld.com,
jupiterclubcasino.org,
digitalmediahub.se,
deglorygravata.rest,
prolocoalezio.it,
ekonomimedia.se,
suavidatemproposito.com.br,
titanwageroasis.com,
tunas4d.com,
712.casino,
bestballs.ru,
nisecasp.no,
vinacafephindien.com,
msnnbc.com,
mydocumentviewer.com,
tankestigen.se,
roonx.com,
spreadnationgo.com,
ekonomifokuspunkt.se,
aptx.cn,
taletrailvista.com,
sharenowcard.com,
haikouxd.com,
oneregistrars.com,
innehallsstrategi.se,
iudsteind.help,
innehallsportalen.se,
vardagskompass.se,
echotrail360.com,
truevistapulse.com,
oleriasecurity.dev,
cbreea.com,
betsempirex.com,
multiple-sklerose-heilbronn.de,
sparkconsolebay.com,
journalvistaworld.com,
taletrailpulse.com,
aramans.com,
entreprenorlivet.se,
boldvistaworld.com,
fmoviess.ca,
musevista360.com,
smartaffarer.se,
powersmallbusiness.com,
yasequent.cfd,
adaptivesportsnw.org,
conceptfurniture.co.uk,
thundergamesverse.com,
formula.education,
axaweb-sante.com,
notesphere360.com,
41v.click,
freshbuzztrailfeed.com,
zhigulu.com,
saiyasu-syuuri.com,
journaltrail360.com,
astrobetsstation.com,
mnfallsprevention.org,
motionedgeflow.online,
inka-kag.de,
blogsphere360hub.com,
mrslsleveledlearning.com,
onlineperspektiv.se,
ritzyinknot.qpon,
webobjects.com,
skydns17.com,
ultraparlaynation.com,
taleechoworld.com,
privatnilaznetom.cz,
bidwinengine.com,
patroonbmw.org,
artikelblick.se,
peoplepayclaim.com,
axafond.sk,
reelpush.online,
kyxquvn.cn,
gps-poisk.ru,
tillvaxtnytt.se,
blognestworld.com,
tiantiankaixin666.top,
icpdf.com,
casinorpn.online,
erponweb.mx,
isabella-garcia.com,
fonefunshop.com,
samhallsportalen.se,
voxechoworld.com,
deckarena360.com,
gameoasismatrix247.com,
tripscan59.id,
galara.ru,
imbellus2.com,
journalharbor.com,
desafiochave.com.br,
paraguayhosting.com,
juppermag.com.br,
axa-tp.com.cn,
vidgridcdn.online,
framtidsblick.se,
p-6-y-y.com,
uskay.pe,
allfloors.de,
xxxsisenok.com,
bowling-weser-ems.de,
fgwinners.com,
truespherepulse.com,
4626970.xyz,
yikedianyingwang.com,
articulacaosaudavel.com.br,
livsforum.se,
cosmicflowhq.com,
tv.apple,
vmpfraudcenter.com,
sunether.com,
welluamerica.com,
faktablick.se,
betonschleifer.net,
tankespiralen.se,
bookieslotpeak.com,
sparkpokerland360.com,
boldpulsetrail360.com,
wordtrailvista.com,
welcometopeace.org,
insiktshub.se,
guaranitermal.com,
onyasai-partner.jp,
beverlyformalwear.co.uk,
kunskapsflode.se,
digitalperspektivet.se,
ofertasemanattk.ru,
lord324iw.cfd,
goatnootropicos.com.br,
tankefront.se,
taleechopulse.com,
morewithmusic.org,
cdlsworld.org,
lordserialec-30.top,
joycasino-hkq.top,
sportage4.ru,
aichaxun.com,
storytrailpulse.com,
1xbet-t5yc.top,
aiju8.cc,
sabinestatebank.net,
2050.casino,
alphajackpotvault.com,
gutbrain.com.br,
saudearticular.com.br,
videoflux.online,
tankeblickar.se,
mxplus.nl,
zyduslife.com,
nyhetsvy.se,
cebtob.cn,
vardagsinsikter.se,
railwayinfra.uz,
luckyjingleslots.com,
neoslotswave.com,
wordvistabloom.com,
elyse.top,
moneysmagazine.me,
jamesoncpd.com,
hotbvuxifu.today,
4526984.xyz,
mentalstyrkan.se,
addmaster.net,
musmag.com,
sssonesss.com,
vidrocket.online,
oijkse.com,
freshpulsebuzz360.com,
spinrisegaming.com,
offersathome.com,
valise.com,
titandicegg247.com,
casino-culinaria.de,
oddspulsewave.com,
lulekp.cc,
985.casino,
eldoradocasino-egb.top,
ninjasites.net,
notevistaworld.com,
quickclaimcard.com,
acro.website,
decohoy.com,
proximitywellington.co.nz,
bloggkanalen.se,
healingcalmlife.com,
tankeperspekt.se,
myidea.ro,
lookingforfresher.com,
reactoo.com,
voicesfromtunis.org,
ordinsikt.se,
pokerzonebankhq.com,
videojetcdn.online,
775785.com,
pajqnz.icu,
yazilimsistemleri.com,
dailywallapp.com,
streamaccountcontrol.com,
hotels-jaipur.com,
nettruyen.site,
marknadsforum.se,
kisoji.info,
voxvistabloom.com,
menghuanxue.com,
pichon-baron.com,
meikogijuku-job.net,
mi3jn00u.com,
playcornerhq.com,
ltd.au,
catcasino-gji.top,
avalon78-casino.net,
kinogo.parts,
fishyfish.com,
megascrimclubprime.com,
slotspread.com,
megaoddsmeta.com,
boxofgames.click,
uniquecsbd.com,
goliveweb.eu,
cb-j.com,
elevenfeed.biz,
smacktok.com,
katespade.de,
resorthotelsvirginislands.com,
scannerfulfillment.net,
personligvag.se,
handicapsinc.com,
innehallshuset.se,
lakeparkflorida.gov,
rakyatpos.id,
tampabayllc.top,
spkimg.com,
wageroddsland.com,
bustahost.com,
truebloompulse.com,
jingzhundianzi.com,
gaming1.dev,
nllalabet.com,
weedogroup.com,
mexicanfoodwallawalla.com,
tsppd.com,
pinupbet.in,
serdangbedagaikab.go.id,
dutchbackpacker.net,
dannystewart.com,
winawincasino.org,
eppad.com,
matchi.tv,
charmedmultimedia.net,
vardagsutveckling.se,
bayesthost.com,
privacyspell.com,
mailscr.us,
toolsubmitgdt.xyz,
hotbzazoke.today,
d-e-a-l.com,
journalglow.com,
gaesteliste.de,
adrienneandco.com,
reeledge.online,
audistadia.com,
x6h2tsbh.com,
kktpakistan.com,
garilla-casino-ru.com,
geofictician.net,
smbbxe.xyz,
truenestpulse.com,
dtxfd.top,
devhack.net,
aloyoga.com.qa,
powline.com,
wickedlittledevil.com,
568987.com,
echopulse360.com,
lecusostreetlight.com,
careerappmatch.com,
jira.net,
wyndfen.info,
thkyjt.com,
zenfilm.solutions,
bulldogcustompc.com,
tomcruisefan.com,
eradelhielo.shop,
hhphkk.com,
magic-stars.com,
vidfluxcdn.online,
es02.xyz,
pathstone.com,
miofitentrenamiento.es,
anyimage.top,
netozcdn.site,
kolify.cn,
euroa-go.de,
natyazhnye-potolki-nizhniy-novgorod-4.ru,
unleanpayer.cfd,
leaguetowercrewmax.com,
9meijia.com,
toolbelt.marketing,
kd95tr.vip,
urheka.com,
freshpulsetrail.com,
pageecho360.com,
vicclub.mobi,
272220com-dh.top,
hellmanns.nl,
lordserialer-6.top,
gayalstaxably.shop,
nexamedia.co.id,
mycarddispute.com,
ckint.co.uk,
royalbet.com,
huangzhibin.com,
tankeskapelse.se,
sabinebank.net,
sabinestatebank.us,
tradedate.com,
teknikvinklar.se,
ultrafactoryladder.com,
legacypost.info,
fatehistore.website,
slotswincasino.org,
stream-local.com,
megagame.global,
ewasolions.org,
christnagarcollege.edu.in,
hotbnuyaku.today,
vardagskunskap.se,
mingmaiba.com,
sanomacorp.fi,
premiumfelgi.com,
zaochenbao.com,
fitclubreformer.com,
glownestworld.com,
bobomg.com,
avision-it.social,
betterwalls.com,
computergamers.ro,
gameorbits.info,
gaotie.net,
qlplayer.cyou,
tractortool.com,
xyushuwu.me,
zhuzhuxia.cloud,
contentguiden.se,
b0rder1ess.online,
mable.tec.br,
23shu8.com,
3-666.com,
55mht.com,
czjinke.com,
ereemby.online,
essexsaybrookantiquesvillage.com,
flowers4angola.com,
gzgwby.com,
i-reklama.sk,
i-z-1-x.com,
kokaneefishingforum.com,
londonhoteldeal.net,
mxhotel.site,
ncsshop.es,
ourworldtravelfamily.com,
papasailor.com,
scbdv.com,
tvmountxl.com,
tyxsw.net,
wegnertek.com,
yinboyu.cn,
zjzz.org,
rigaflowers.ru,
youtubepro.me,
personligklarhet.se,
zentag.com.br,
spanksex.org,
img-urlm.com,
mucindinhvang.com,
xjy200.com,
lovingphoenixrealty.com,
freepakistanixxx.com,
vardagsresurs.se,
rosenlegal.com,
7220512.xyz,
bloggflode.se,
shenbyj.com,
bhawnasapramakeovers.com,
homeworkify.pro,
muji.com.kw,
blacktie.co,
hector-solutions.gr,
aktuellblick.se,
chuangyls.com,
epichighroller.com,
cloud-search.net,
tankebanorna.se,
joker-gaming.online,
novavaultesports.com,
personliginsikt.se,
chatgptruinedmylife.com,
tankefloden.se,
affarsoversikt.se,
smellindex.my.id,
u655vlo5.xyz,
imtow.com,
boldnest360.com,
pipeworks.com,
ofclan.com,
asianin.it,
yngdh24.xyz,
renrong.net,
inspirationsvy.se,
readymap.irish,
tjtfsjgt.com,
cosmicarenaarena.com,
lawtalkers.com,
affarsresan.se,
vortexhubretro.com,
onlineinsikt.se,
e-schrott-neufeld.de,
jensonrasprelim.cyou,
sinhalavoiceover.lk,
sex-mama.one,
mp22.ru,
bemcolar.com,
bullydex.com,
m4ufree.page,
mojedionice.com,
mxpositivo.com,
silikonkalip.com.tr,
staxino.com,
trivago.pe,
oyeanuncios.com,
jokercasino.net,
sportshowroom.co.uk,
irkgrqgrr.com,
akustyka.pl,
apipnp.com,
autodjelovi.me,
condensateur-web.fr,
condizionati.fr,
confisur.es,
decoracia.store,
drumkorea.com,
e-minis.net,
eastgatefordpartscanada.ca,
forpencil.com,
gunmansa.co.za,
hotgoblin.jp,
jpdeliver.com,
k-tcg.com,
kk678.dev,
knasta.pe,
lacapsuleria.com,
mpbrinquedos.com.br,
naif.com.ar,
partyraj.sk,
payuni.com.tw,
rhuna.io,
streamm4u.live,
yhdmwa.com,
886cf.com,
palchat.top,
webplace4u.com,
zhihoo.net,
iphonehospital.it,
entegracion.cl,
merit-king-yilbasi.net,
thsclassof1972.org,
falconic.at,
hellmanns.sk,
perfectxsexy.com,
acharknews.com,
connect.realtor,
microage-tb.com,
cinerushedge.online,
ipgestion.net,
flownestworld.com,
qpxy.cn,
advancedstreamingdistributionweb.cyou,
appple.com,
zengw.io,
zeromachine.net,
shyft.network,
like.to,
petir-image.live,
insiktsportalen.se,
cm88okvip.com,
voxbloomvista.com,
dajv.de,
clipnet.online,
odensya.ru,
daenemarkagelurlaub.de,
livsvag.se,
qtxcx.cn,
affordable-metal-roofs-1.xyz,
eliquidsolutions.com,
rachaelbrandnock.co.uk,
tyblct.com,
billings.photos,
vnecofloor.com,
ordflode.se,
vacuumvibe.net,
digia.gr,
hipromos.com,
unilogist.com,
yurekp.cc,
mercerint.com,
redbulltv.us,
blogtrailhub.com,
docarchiv.de,
faktainsikt.se,
knowledgementors.com,
kutah.top,
yantian.gov.cn,
bksydld.com,
egoria.com,
idealfurnituresinc.com,
sid.de,
raporbola.com,
healthclubjournal.com,
teknikpuls.se,
personal-loans-finance-fr.xyz,
ordlinjen.se,
lordseriales-2.life,
thebacklabel.com,
hypernotepad.com,
ddhdsp.com,
mfp-ltd.co.uk,
yallashootlivehd.com,
spt366.com,
mandysbeautysupply.com,
spotonsouthcarolina.com,
ccdent.mk,
psgequity.com,
benzo.of.by,
codebotz.net,
vgreal.estate,
affarssammanfattning.se,
modzard.com,
corepixelsstation.com,
livsperspektivet.se,
porntvclip.com,
hostseries.com.br,
axatianping.com.cn,
nanostring.eu,
notepulsehub.com,
paccarlatinamericaloyalty.com,
ya-og.com,
ourforte.com,
viplink.us,
frenchconnections.co.uk,
sabinebank.biz,
evona.sk,
joycasino-ubk.top,
blackjackcornerspark.com,
aizhifeiji.com,
modengxuan.com,
telenetcom.com,
moshimo.co.jp,
voxtrailvista.com,
aims-gtn.com,
videoboostcdn.online,
iopsys.eu,
vanityemail.com,
elitecardarenahq.com,
fridge.com,
irbis-trade.ru,
connectthelinks.com,
flowsphere360.com,
nuclos.de,
voxbloomworld.com,
southyarrabaptist.church,
dns-dns.net,
kankieberainmanton.qpon,
videdgelab.online,
techproductupdate.com,
bi1kbu.com,
seojm.com,
multidist.eu,
talkerresearch.com,
invisionarcade.com,
newswall.org,
cxwee.sbs,
journalglow360.com,
insuranceratesforless.com,
ordvy.se,
malomart.com,
dentalby.de,
szxmdjj.com,
fishinseafood.com,
voxnestpulse.com,
tiny.com,
ekonomiblick.se,
vardagsresan.se,
gdsgky.com,
hellmanns.com.tr,
faktapunkten.se,
vaultleague.com,
moltrglivrybhsmboavornux.com,
pmetricsinc.com,
busickstudios.net,
poplaninigori.com,
titandomainretro.com,
nyhetsstrategi.se,
china-jobs.de,
fliggycf.com,
career-hunters.com,
hutlikes.com,
sopmall.top,
electricidad-asequible.xyz,
511.com,
789bet.nl,
omnicontrols.com,
oleria.dev,
journalpulse360.com,
optimonetize.com,
flowvista360.com,
vidnovalab.online,
topbizlists.com,
dashping1.ir,
roulettebaseland.com,
personligstyrka.se,
nakodakapal.net,
1120fhxy301.top,
drugtodayonline.com,
riotgames.info,
betstackclubprime.com,
scriptum.ro,
shopsy.cz,
dockshell.space,
nichenest.xyz,
lincolnapts.com,
vidcraftedge.online,
okky.tech,
seoulthegowoon.com,
pensionhotel.de,
hexunimg.cn,
twinklemeets.com,
remind433.gold,
drgsnmantech.com,
mongkud.cloud,
livesex-ie.com,
martinkarlik.com,
bpaskocipw.com,
nationallotterycasino.net,
prestigebrands.com,
1155perimetercenter.com,
kranenkassenvergleich.de,
ikumou-net.com,
appgongfuj4.top,
so66.cn,
12391ck.com,
cbtu.gov.br,
insiktssignalen.se,
mkklcdnv6tempv3.com,
softnetpro.net,
wordtrailworld.com,
2track.info,
swat4stats.com,
monms.com,
decyclesnameserver.com,
apogea-wineclub.com,
wealth-station.com,
franciumssinebadasewable.com,
madic-uk.com,
wad11.co.uk,
vectormobiledeck.com,
bellbowriefamilypractice.com.au,
blesstreetwear.com,
textflode.se,
dhostpro.site,
atriumhosting.com,
beam.ai,
altonav.com,
securitiesinterlinksta.com,
smootess.net,
gusarov-group.by,
hauntbots.com,
axa-tianping.com.cn,
eneighbourhoodstore.com,
maxbazaarprox.com,
nerijo.com,
blontar.xyz,
thekittenboard.net,
wonderlandnews.com,
kelimaponja.com,
vikasa.in,
ryoando.com,
shadhinkontho.com,
dnscordobahosting.com,
scienceinsights.org,
bookwithsamrat.com,
vngms.com,
echonest360.com,
sonomabistrobarandgrill.com,
nocws.com,
vardagsinsikt.se,
elegancepestcontrol.com.au,
stsgeo-krd.ru,
grupoix.com.br,
casinomoonwin-au.com,
yunshipei.com,
venderpisoenmalaga.com,
storypulsevista.com,
goflaus.com,
586bit.com,
nwcatholic.org,
lordsre4v.lat,
recursive-reverie.website,
aktuellstrategi.se,
scorecardpreview.com,
clik2.store,
lordsfilm.tv,
pornbomb.tv,
drazelstorndrevrybhsznoil.com,
bjhbg.cn,
blockdetektiv.de,
tillvaxtvy.se,
ziarelive.ro,
filmgoflix.xyz,
d3x7.store,
storysphereworld.com,
jingyeaquarium.com,
bullano.com.ar,
greenlitefin.com,
23biqu.com,
faq4mobiles.de,
green-collar.com,
vees.world,
gattefosse.com,
livsflode.se,
privatewhois.com,
emob-moebel.de,
haul2hi.com,
livsanalys.se,
desicreative.com,
xinze.store,
ecuadoradventure.ec,
sobatfilm.store,
mainter.ro,
samledisquaire.com,
dd888ee555.com,
one-pleasure.com,
gippo-03.ru,
berlinertageszeitung.de,
legendaryfrag.com,
highrollergalaxyspark.com,
vintagetyres.com,
sornavellon.com,
sextop1.ing,
udaibilaspalace.com,
hosthorde.com,
tsjingquan.com,
thenetbizgroup.com,
levelupcornerwave.com,
aqmhost.com,
lyko.se,
liequotes.net,
en.ee,
glencoemountain.co.uk,
conbral.com.br,
cmoctfm.com,
livsstrategen.se,
automateed.com,
adsting.net,
k8gsf3qm1.com,
accessfiber.net,
axawebn-connect.com,
rattanshack.com,
talespherepulse.com,
winescout.com,
metavantelendingsolutions.com,
royalcardretro.com,
framtidsblogg.se,
esportsplanetprime.com,
waytomedia.cc,
radianthollow.shop,
panfletovirtual.com,
drivingmusic.es,
sukahokicok.com,
creand.ad,
paticik.com,
sixthseal.com,
informatikervergleich.ch,
framedeliver.online,
elroy.app,
igamingdragon.com,
spacesports.ru,
devialetchat.com,
nasilyapilir.com,
sidomuncul.co.id,
rents.house,
cloneweb.net,
alfabit.ru,
natural-world2024.com,
sg-costbasis.com,
goldenhomeoh.com,
jrhelectronics.com,
varldsperspektiv.se,
personligvy.se,
weatherfordtx.gov,
fjedu.com,
invalidurl.com,
aidenmellois.fr,
lordserial195s.top,
ddz.red,
foretagsmedia.se,
axa-tianping.com,
dfactor.ai,
pyrographics.com,
gotdns.co,
ebrevia.com,
tankefarden.se,
activmash.com,
resorts-interactive.com,
seanbajuice.com,
demellos.com,
calavo.com,
softwareadvice.ie,
tachacha.com,
cmpusa.org,
nunion.com,
lakseelver.no,
digitalpromo.co.uk,
etengda.com,
colombiared.com.co,
skinfosec.co.kr,
xqdshu.com,
kaoslogic.com,
silvertowerpro.com,
best-care-job.net,
bazooki-infra.dev,
apktoget.com,
sexhq.tv,
lubbockfeeders.com,
ahhles.com,
sfo-makalu.ru,
talevistabloom.com,
gamemelbet.ru,
dataverse.lt,
goldmedaltechnologies.com,
spartak.center,
1wincasino-slots.website,
fnail.ru,
taihi.net,
pixiloo.com,
tarsusakdeniz.com,
cii.org,
cemcglobal.com,
aktuellportalen.se,
fakepunchstudios.com,
bqg70.com,
ordfloden.se,
www223571.com,
axa95550.com,
indomio.si,
fmradiobroadcast.com,
zenfragcorner.com,
freefree.ps,
btcha.com,
discgolfshop.se,
crystalmediagroup.co.uk,
sfx.ovh,
kaywang.cn,
saxophonforum.de,
andongin.co.kr,
2pos.ist,
takeit.dev,
lordfilmserial-2026.life,
slideroctober.store,
asepticfillingline.com,
das-ist-drin.de,
promnestria.net,
streammotion.online,
getabear.com,
osidosi.net,
de88vkl.onl,
autonomic.zone,
jkarlus.com,
xxxfm.com,
aluni.net,
salekarts.com,
vikingdirekt.ch,
zhidaoshe.com,
ks4ezq.com,
bg57.cc,
thalos.fr,
crockerwebhosting.com,
talkbuzzecho.com,
icxperia.com,
truemarkethosting.com,
storeinterfacer.com,
lakemartincreamery.com,
johnsmith.co.uk,
boxo.io,
ayigou.com,
deutschland-plinko.de,
natwestthrive.com,
bubblescarpetcleaning.com.au,
tvoedelompr.ru,
limtad.com,
bmw-service.fr,
pinn.co.th,
benzara.com,
kunlun999.com,
viewandact.com,
worldclips.ru,
muffwiggler.com,
bazaarblackjackpro.com,
quantumrealmhighroller.com,
tiava.name,
dragonfi.ph,
legendaryjackpotpchq.com,
osipovfedorov-art.com,
pornchatting.com,
onamrecords.com,
ordreflexion.se,
pelipiste.com,
rsv-defender.pro,
2dbeat.com,
whynotconsulting.co.za,
lordfilm1x.ink,
best-property.ae,
actualsales.com,
ultaahosting.mom,
resultsfordeals.com,
bladesandshears.com,
exycasinos.com,
bizwnews.com,
servernetwork.at,
kp7rtcnswptrk.com,
2053.casino,
oakmontforum.com,
funspheregame.com,
genesismaps.com,
personligharmoni.se,
wserve.com,
ionswitch.com,
kdhost.in,
theonlinecalculator.com,
oemscart.com,
news-paxacu.com,
lord320am.sbs,
go99code.vip,
ru-proxy.buzz,
ugcc.org.ua,
dot.mg,
56win-vn.net,
heycafes.co.uk,
nskre.co.jp,
7kcasino-fvf.top,
ksatolab.com,
truboproduct.kz,
abigailnotabby.com,
negociosdemexico.com.mx,
buyjapanproperty.jp,
sitioweb360.com,
vibeian.click,
retouche-tours.fr,
velesintl.com,
cbreeconometricadvisors.com,
worldkast.net,
bestpornflix.com,
stacc.dev,
rbx.dev,
techli.com,
passportsubmission.us,
sold.com.au,
xuanlibatteries.com,
5mbmembersarea.com,
ar999ok.com,
framtidsvy.se,
monkeydigital.net,
istsoft.com.tr,
vigriwatch.com,
w3ghost.com,
casinozerkalo.help,
zerkalo30.casino,
ncwyxh.com,
spanz.net.au,
mustaqbel.com.pk,
inside.ai,
asiajobs77.com,
krediit.co,
cinfu.com,
eight28.net,
strategichosting.us,
fixed.zone,
zezuzm.vip,
blackserver2020.com,
panoply.fm,
car4play.com,
lets.game,
imcages.com,
vivatranquilo.com.br,
servidorpt.pt,
the-manhattan.co.jp,
best-marketing-software.xyz,
wushuzw.info,
starfiresolutions.net,
nadiarapti.com,
myafritube.com,
devbox.tools,
dideadesign.com,
pivalicacid.com,
ritzwebhosting.com,
z-vi.com,
antasonlus.org,
olgundns.com,
hanoicookingcentre.com,
keyera.com,
zeproc.com,
velvetfort.com,
snelsrv.com,
borneonovelty.com,
mamazhanna.ru,
floorlife.com,
alphainternet.com,
nubenet.com.ar,
vila-mila.com,
theangel.fr,
savvysme.com.au,
lokalmu.com,
fratellivisconti.it,
temawebhosting.com,
misha-but.ru,
isidefense.com,
jamisonmediahosting.com,
riff.new,
webcozumevi.com,
minimabistro.hu,
mayoassociationdublin.com,
codeprj.com,
landandfarmsrealty.com,
impower.net,
seomach.com,
kinopolis-film.ru,
xatadns.com,
bembilisim.com,
epiwin.download,
journalecho360hub.com,
linestowerstack.com,
hangkong56.com,
troyrc.com,
hostnsrv.net,
gzxqcgg.com,
reeapis.com,
corporatecitizen07.com,
phylopic.org,
cuk.com,
hostbung.com.br,
varldsblick.se,
itsfun.com.tw,
workingholiday-net.com,
futogrip63.stream,
hostsmooth.com,
koreagrandsale.co.kr,
foroamor.com,
dojostake.com,
ha97.com,
iqaluit.ca,
siatenidantic.com,
tinyhost.shop,
relaymail.net,
eblex.org.uk,
notebloom360.com,
tacticalmediafiles.net,
torahtreasures.co.uk,
yogiwa.net,
ecape.com,
thefundoo.com,
turkish-sezons2.top,
primeladderarena.com,
keliozenklai.lt,
toadpro.com,
nitropack.dev,
theantiracisteducator.com,
myshuke.com,
chiroipk.ru,
tankeperspektiv.se,
trueechoworld.com,
mkbars.com,
houthoff.com,
trolllord.com,
smileyhost.com.au,
shield-service.com,
theartofbeauty.com,
jerrimail.top,
ordreflektion.se,
aotal.cloud,
coopoo.cc,
linuxping.win,
pagenesthub.com,
potsandpans.com,
gv3svoi5.us,
sywebdesign.com,
kochschwabe.de,
quailforever.org,
pichonbaron.com,
glownest360hub.com,
yahoo.com.cm,
beaconseniornews.com,
emy.in.ua,
radfiles.net,
epicevents.top,
mowers2go.co.uk,
chattytoes.com,
paradaromania.ro,
airlockbuffosepinaoi.help,
ypmzzx.com,
elisty.pl,
ruskieseriaals.net,
ss777-maya-pay.com,
hellmanns.cz,
ezservicewebsites.com,
hostwiththemost.com,
tracking-stuff.click,
neue.co,
strattec.com,
crhc.cn,
mm88.directory,
astro-cdn.net,
gowrites.cz,
myezservers.net,
ecommerce1st.ca,
tomi.pl,
thepricecheck.com,
gagolga.de,
guardianpharmacy.com,
cbremelody.com,
bluearkco.com,
dexmanager.com,
alphascaledistribution.es,
imagecms.net,
redraccoonhosting.com,
siamresortsgroup.com,
rsmmbogor.go.id,
trangcacuocbongda.vin,
celebblaze.com,
therawolf.com,
casinobonussverige.com,
mvapptest.com,
timesync.club,
bdxstxt.cc,
yedirenkhosting.com,
onlinecardaccess.com,
archives71.fr,
farmersadvance.com,
boomhost.com,
molinamarketplace.com,
1xbet-giris-9.com,
shrnkme.site,
nwshuw.com,
sexcash.info,
icocndns.com,
noc-j.com,
basimhane.com,
solexp1.com,
to-email.com,
stakeacehaven.com,
sahayaselvam.org,
cgsmc.com,
rent-to-own-tires-9.xyz,
itekesmukalbar.ac.id,
zenarenaforge.com,
jbitdoon.com,
songwritingmagazine.co.uk,
cantikazestbali.com,
topdjsong.in,
livsmediahub.se,
ti-point.info,
depedtacurong.org,
pcgamesdatabase.de,
intellasoftmedia.ca,
legendrealmlines.com,
fragznet.com,
lightlaws.com,
cndd.ro,
mrfast-developer.com,
ykbilisim.com,
turk-serial25.top,
kunskapsforum.se,
mcreal48.net,
kaike.cyou,
media365.com.au,
tubegen.ai,
pro-prp.ru,
inspirationsmedia.se,
lhxny.com,
vinacafephindiendenam.com.vn,
voxspherepulse.com,
hostcymru.com,
playnicetogether.net,
toxicdolls.com,
muhtwa.com,
azarweb.net,
srvlinux5.com,
todaymg.com,
fiberlink.net.ua,
arenabookie.com,
prowebart.net,
weberwoonwereld.nl,
colegiobuenpastor.com.es,
kino.net.im,
madonnatribe.com,
digismartelectricals.com,
auroranestpixels.com,
yooverse.com,
moblinx.com,
baojinews.com,
premierlacewigs.com,
kamayegaindia.com,
voxnestworld.com,
innehallsmedia.se,
paradoxpotentiometer.click,
huataisui.com,
businessbooths.nl,
flushparlay.com,
timberry.com.sg,
outboundpower.com,
streamup.eu,
jackandjill.ai,
cues.org,
e-crt.org,
sinq.io,
dero.io,
octcloud.net,
beyazbalina.com,
rollingslot.org,
gsc.im,
becketts.hu,
tossdtsp.com,
stablehosting.review,
hostnsupport.com,
docplus24.ru,
maxhousevip.com,
mkklcdnv6tempv5.com,
philbio.net,
shcdc.de,
baaghitv.com,
5uf6roxrqlllajgyy74p.top,
prada55c.one,
bltechz2.ru,
chickencrosscasino.com,
take.pl,
primarycare24.org.uk,
merchdeckdev.com,
nvcasinodeutschland.de,
k108hotel.com,
bitstreama.online,
webhostnest.com,
gazetainfokus.com,
officialwebspace.com,
monthlysubscription.net,
plaster514.cfd,
agroforestry2025.org,
brktools.com,
trafficpullz.com,
vitalock.space,
militarycollectorstore.com,
reachymini.net,
stajler-d-2.ru,
jianshiku.com,
challengerbrokers.com,
adam-i-eva.com,
glowpulse360.com,
claremonttoyota.com,
jiliph789.com,
notetrail360.com,
ilandasset.ng,
selector470.gg,
hddtotal4.com,
americord.com,
trici.xyz,
beautyhealthandwellnessmalaysia.com,
igtv.com,
a266jys.top,
tk88ll.com,
publicads.co.uk,
rejzovanka.net,
oliasoft.com,
tankedygn.se,
wordnestpulse.com,
dpschile.cl,
aclassclub.co.uk,
forgeslots.com,
customdesignsbyleeanne.com,
newarkde.gov,
jetskipool.ai,
radiusnetwork.com,
sirlynj.cn,
apk-pinup.com,
shokuninusa.com,
galilei.one,
wayleading.com,
imperiya.by,
bdsdffgfggfhibpnndsewgb.com,
scielo.pt,
frameedgeflux.online,
richsikra.com,
playstake.info,
cafe24shop.net,
jcastle.info,
thebullamarillo.com,
istaserver.ir,
bloggperspektiv.se,
juraganwebhosting.com,
prestamos-enlinea.com.mx,
potyweb.com.br,
englishlampposts.co.uk,
bigscriptenergy.co.uk,
jxfg.net,
truereddesign.com,
cleanfuturepro.site,
goodnet.co.uk,
tankevy.se,
locatealpha.com,
ssl-account.com,
essentialroofrepair.com,
bet-bonus.net,
xhysteel.com,
florola.com,
narkologicheskaya-klinika-ryazan14.ru,
aycomp.com,
finalfees.com,
viralzvideo.pro,
tradetechsolutions.app,
rbx-stage.com,
fiveonestudio.com,
digitalvy.se,
buttfusionwelder.com,
mymochi.com,
donoconnor.com,
yzf8my.com,
happinessday.org,
hlv1v0hnsdgjlm.com,
websitedesign-phoenix.com,
hclcommerce.ai,
psa-kzn.ru,
auto24parts.com,
gsh.co.jp,
insiktsguiden.se,
runway.com,
eldoradozz-play.xyz,
musaqaf.com,
imagenetworks.com,
loyaltycoin.nl,
th.ru,
minescripts.info,
soccertips.co.za,
angel-dimaria-ar.biz,
helmitupa.fi,
woocasino.bet,
willowdigital.com,
clipstream.online,
foodio.de,
thptlamhongsocson.edu.vn,
cnhaoyida.com,
highrunning.com,
livstillvaxt.se,
lesseesupdress.com,
ifmcommunication.it,
web-hosting-edc.com,
bengalaero.com,
topweblogic.com,
hireddirect.com,
irishrailwaymodeller.com,
redcastle-rent.com,
udonmap.com,
crossreturns.ru,
okade.pro,
lotoclub37.net,
audreyjoeezigbo.com,
lordserialer-8.lat,
agentis.ru,
diceparlay.com,
cyber-gamers.org,
thedailyaus.com.au,
sando.no,
royalwagerprime.com,
sogetrel.fr,
blackceo.com,
assommoir.com,
fpmarkets.eu,
atriresearch.org,
www67314.com,
vrsal.cc,
unltd.ca,
llcattorney.com,
vardagsarenor.se,
sumuq.com,
flowers4indonesia.com,
sakura-house.com,
tingfm.com,
perspektivflode.se,
seltenmedia.com,
thewebsiteheroes.com,
dravarion.co.in,
bonvulux.eu,
kmjwebdesign.com,
tappoo.com.fj,
indiciento6894.com,
infotankar.se,
eigroup.biz,
buendia.travel,
ddly.net.au,
plumbingworld.co.uk,
terrylabontechevy.com,
prodigyhealthgroup.com,
domain-quelle.de,
cloud-front.one,
sperretech.com,
international-aluminium.org,
45m.click,
cdlxfs.com,
gooalsocial.com,
dd-214blanket.com,
endemajfunds.com,
zenesportsnow.com,
elsaiselbiseleri.com,
agropest.net,
sultangaziescortbul.com,
myumbrella.ai,
kometa787.casino,
dghuanjin.cn,
illyrian.my,
armybiv.ru,
libdd.com,
biobidet.com,
pasadena-ep.org,
