domain,start_rank,end_rank,rank_change,change_percent
volgalogistics.ru,326385,0,-1000000,退出排名
promoclubsocial.com,895203,0,-1000000,退出排名
homeawaypayments.com,348230,0,-1000000,退出排名
liguedesconducteurs.org,665501,0,-1000000,退出排名
nickstel.com,440867,0,-1000000,退出排名
spark-search.net,163083,0,-1000000,退出排名
corona.cl,185386,0,-1000000,退出排名
bombie.xyz,297096,0,-1000000,退出排名
exclusivesearches.xyz,201182,0,-1000000,退出排名
xt234.org,926679,0,-1000000,退出排名
zghxsjy.com,188994,0,-1000000,退出排名
drapers.com,194481,0,-1000000,退出排名
the-weddingstore.co.uk,278396,0,-1000000,退出排名
cosmictoon.ae,561338,0,-1000000,退出排名
fssnet.co.in,193919,0,-1000000,退出排名
lusnet.net,167322,0,-1000000,退出排名
halobonus.com,185787,0,-1000000,退出排名
thochoice.com,232222,0,-1000000,退出排名
vpn89.site,176253,0,-1000000,退出排名
u888vip5.com,140563,0,-1000000,退出排名
elastyco.com,183834,0,-1000000,退出排名
reparacaobaciariodoce.com,83634,0,-1000000,退出排名
french-stream.gratis,216864,0,-1000000,退出排名
clinisys.com.br,175875,0,-1000000,退出排名
crosslinknet.com,185592,0,-1000000,退出排名
lifeforgame.ru,194442,0,-1000000,退出排名
ecanlitvizle.app,180167,0,-1000000,退出排名
weitietl.com,124977,0,-1000000,退出排名
jokerguide.com,252205,0,-1000000,退出排名
uni-type.com,110547,0,-1000000,退出排名
sussakura118.com,208768,0,-1000000,退出排名
baikpgvclee.site,177200,0,-1000000,退出排名
pringed.space,190538,0,-1000000,退出排名
0007bet.com,470732,0,-1000000,退出排名
juhu.auto,475549,0,-1000000,退出排名
theinteres.site,232751,0,-1000000,退出排名
refpa393804.top,118290,0,-1000000,退出排名
xn--ph1bph0az41x.org,220947,0,-1000000,退出排名
blogdefolie.com,181926,0,-1000000,退出排名
metro-sap.de,161395,0,-1000000,退出排名
oppomoble.com,248994,0,-1000000,退出排名
meong.io,503651,0,-1000000,退出排名
mypayz.com,280252,0,-1000000,退出排名
sanjepidemstancija.ru,505417,0,-1000000,退出排名
xenoexecutor.com,976913,0,-1000000,退出排名
bazn.vip,238811,0,-1000000,退出排名
hostnode.cn,201257,0,-1000000,退出排名
12play15.com,177679,0,-1000000,退出排名
armenian-airlines.com,192572,0,-1000000,退出排名
conft.app,511154,0,-1000000,退出排名
55win.bet,470849,0,-1000000,退出排名
3patticrown.com,728497,0,-1000000,退出排名
largogame.com,130837,0,-1000000,退出排名
rxqfd.com,497469,0,-1000000,退出排名
miragge.cc,208590,0,-1000000,退出排名
minergem.com,360271,0,-1000000,退出排名
adg96kda3f.xyz,0,32793,1000000,新进入
lordfilm.solar,200020,0,-1000000,退出排名
planbnow.co,184358,0,-1000000,退出排名
searchabledeal.com,264105,0,-1000000,退出排名
musicmelllnet.com,880726,0,-1000000,退出排名
priazovskoe.ru,122285,0,-1000000,退出排名
4ad74aab.online,189556,0,-1000000,退出排名
ageful.com,159987,0,-1000000,退出排名
sincaneryamankombiservisi.com,383059,0,-1000000,退出排名
invex.ir,459522,0,-1000000,退出排名
epasazh.com,397049,0,-1000000,退出排名
dgdrive.pro,926029,0,-1000000,退出排名
wangzhankefu.net,100571,0,-1000000,退出排名
kevin.eu,366196,0,-1000000,退出排名
christianmillionaires.net,252252,0,-1000000,退出排名
glory-casino-on.com,290234,0,-1000000,退出排名
parey-jagdausbildung.de,186532,0,-1000000,退出排名
zetflix-online.lol,226533,0,-1000000,退出排名
tradeblock.us,508706,0,-1000000,退出排名
violetdrive.beauty,391189,0,-1000000,退出排名
ufabetwins.cc,443212,0,-1000000,退出排名
tamilsex.pink,209063,0,-1000000,退出排名
ppgame.asia,232144,0,-1000000,退出排名
deghooda.net,208981,0,-1000000,退出排名
alprestamo.ar,194127,0,-1000000,退出排名
medicalstus.ir,472783,0,-1000000,退出排名
upset-rent.com,169482,0,-1000000,退出排名
hfjdsbhsd.top,197947,0,-1000000,退出排名
fritterreested.shop,41096,0,-1000000,退出排名
visainc.sg,318659,0,-1000000,退出排名
fullreplays.com,180455,0,-1000000,退出排名
pornoraum.com,178770,0,-1000000,退出排名
technologpython.com,227722,0,-1000000,退出排名
pdr-team.com,670841,0,-1000000,退出排名
syltek3.com,0,901991,1000000,新进入
13slate.com,983769,0,-1000000,退出排名
battlegrip.com,999675,0,-1000000,退出排名
7b238984ea315992bb859b39c871b65c.top,924167,0,-1000000,退出排名
americanpolibeat.com,937621,0,-1000000,退出排名
nomadshempwear.com,865003,0,-1000000,退出排名
dougdoug.shop,887745,0,-1000000,退出排名
centrosport.es,875043,0,-1000000,退出排名
z77.online,474184,0,-1000000,退出排名
xlxwin.com,538708,0,-1000000,退出排名
