domain,borndate
stadtwerke-bregenz.at,not found
s-knowledge.net,not found
whathappy.net,not found
homerti.com,not found
fabrc.cloud,not found
kingtaka.live,not found
carclarity.com.au,not found
pkuconnect.pl,not found
contigoenergia.com,not found
cloudekyc.net,2019-07-30T09:38:51Z
carsforsale.com.au,not found
nayraelsheikh.com,2020-07-08T11:29:39Z
aircraftspruce.com.au,not found
ylvaronex.info,not found
funchalcobrancas.com.br,not found
aman.co.il,not found
basketball.fun,not found
fishfight.net,2010-11-11T17:45:10Z
stage-bixbydesign.com,not found
armansystempars.ir,not found
bixbydesigntool.com,not found
kingtaka.cc,not found
myredrewards.com.au,not found
wiagame.com,not found
rummy-vivo.net,not found
datspush.com,not found
byhlds.net,not found
gruposynergo.com,not found
byhlds.com.cn,not found
caixaseguros.com.br,not found
loosecase.com,not found
gamestar-vip.in,not found
americanassociationbaseball.com,not found
a0948db4ee.com,not found
prakritfemes.qpon,not found
flatex-ag.com,not found
onalskillsexkce.org,not found
mediafactory.cz,not found
elementhair.com,not found
smartekyc.com,not found
s2bs504l9o3.link,not found
exposuretigerphilip.com,not found
tafs39d2.xyz,not found
fromsjobs.rest,not found
boutomeeshaul.com,not found
werkstatt.ba,not found
eaqian.cn,not found
1140fhxy301.top,not found
nektofix.ru,not found
1136fhxy301.top,not found
ahunsaisaxe.com,not found
blog66side.shop,not found
ca33bes.shop,not found
1145ylxx301.top,not found
euphonfreezer.cyou,not found
a319yhc.top,not found
blog66drop.shop,not found
nutricia.it,not found
blog33only.shop,not found
blog44investment.shop,not found
moon61environmentss.shop,not found
ca61beautifuls.xyz,not found
blog66prove.shop,not found
usa33pers.shop,not found
moon7withins.shop,not found
star50ats.top,not found
1137fhxy301.top,not found
vvn.vn,not found
hypic.us,not found
a321yhc.top,not found
moon61includes.shop,not found
giaoducsom.vn,not found
usa7victims.shop,not found
usa7debates.top,not found
blog66industry.shop,not found
zee33becomes.de,not found
ca61ours.shop,not found
1135fhxy301.top,not found
zee61powerss.xyz,not found
moon61boys.xyz,not found
ca7fourss.xyz,not found
timetowakeup.cn,not found
moon33republicans.xyz,not found
cossn.com,not found
ca7papers.shop,not found
ca7backss.shop,not found
moon61toss.top,not found
runwaylanderplace.com,not found
usa7meetings.xyz,not found
ca61investments.xyz,not found
moon61banks.xyz,not found
moon61cards.xyz,not found
moon61newspapers.xyz,not found
roxrussia.com,not found
ca33backss.de,not found
zee61parentss.shop,not found
usa61personals.xyz,not found
zee61weights.shop,not found
zee61threess.de,not found
zee33ones.xyz,not found
ca33beyonds.de,not found
skfiles.ws,not found
star71hits.shop,not found
usa61fingers.xyz,not found
ca61bes.xyz,not found
usa7happys.shop,not found
ca7wells.top,not found
kich.cloud,not found
ca33actuallys.xyz,not found
banzai-ru8.com,not found
wwkkbb.com,not found
zee61careers.de,not found
blog44rate.shop,not found
channelape.com,not found
zee33officers.xyz,not found
linotextil.com,not found
usa61fishs.xyz,not found
bmwgroup.jp,not found
blog66wait.shop,not found
usa7measures.shop,not found
moon7wheres.shop,not found
zee7improvess.top,not found
blog44challenge.shop,not found
neven.ba,not found
moon7smalls.xyz,not found
ca7networks.shop,not found
usa7banks.xyz,not found
star71boy.shop,not found
ca7mornings.top,not found
ca61particularlys.de,not found
star0mouths.xyz,not found
ranks.pro,not found
blog33past.shop,not found
usa33reachs.shop,not found
ca61whichs.de,not found
blog33me.shop,not found
zee61patterns.shop,not found
ca33ours.top,not found
5699.cc,not found
ca61generations.top,not found
moon61careers.xyz,not found
ca7memoryss.de,not found
antiguanomadresidence.com,not found
usa61factors.shop,not found
moon61faces.shop,not found
jkzqfrnpsc.net,not found
ca61naturals.xyz,not found
moon7views.xyz,not found
website66stay.shop,not found
ca7shes.xyz,not found
ca61halfs.xyz,not found
star50ass.top,not found
moon61throwss.xyz,not found
website61exactlys.top,not found
usa61reals.top,not found
edd41b7f68.com,not found
ca7lates.de,not found
usa61highs.xyz,not found
ca33adds.shop,not found
khoobankhabar.ir,not found
kurtta.com,not found
zee7ors.de,not found
blog33building.shop,not found
blog66culture.shop,not found
usa33quicklys.xyz,not found
usa7hands.xyz,not found
moon33babyss.top,not found
moon61behaviors.top,not found
moon7mentions.xyz,not found
zee33continues.de,not found
moon7ages.shop,not found
moon61forwards.shop,not found
ca7grounds.xyz,not found
ca7sources.top,not found
zee7describes.de,not found
visionware.jp,not found
ca33organizations.xyz,not found
moon7discovers.xyz,not found
ca7programs.de,not found
zee61ones.de,not found
ca33outs.top,not found
ca7cards.shop,not found
star71while.shop,not found
krasnefurniture.com,not found
moon33ours.shop,not found
usa7smalls.xyz,not found
ca61messages.shop,not found
zee7executives.shop,not found
blog33question.shop,not found
blog44where.shop,not found
1wxht.com,not found
zee33agos.top,not found
cwhost.ch,not found
ca7pulls.top,not found
mylaptopshop.ba,not found
zee61patterns.xyz,not found
zee61schools.top,not found
usa7diseasess.shop,not found
usa61participants.top,not found
usa33childss.xyz,not found
zee33medihs.top,not found
blog66nights.shop,not found
ca33naturals.top,not found
usa7choicess.shop,not found
beilunyouth.com,not found
zee33realitys.shop,not found
blog44such.shop,not found
solarnative.com,not found
star50approachs.xyz,not found
ca61movies.shop,not found
spy-x-family-manga.com,not found
usa61betweens.xyz,not found
usa61spends.shop,not found
1136yhc301.top,not found
ca33actuallys.top,not found
ca61trades.top,not found
moon7hes.top,not found
toto5dkilat.org,not found
avrora-business.ru,not found
gzhjtf.com,not found
a302fhxy.top,not found
drrosswellness.com,not found
blog44design.shop,not found
star71camerh.shop,not found
zalora.co.th,not found
moon61organizations.xyz,not found
ca61exactlys.xyz,not found
usa33reflects.shop,not found
ca7toss.top,not found
ca7heads.de,not found
usa61thinks.top,not found
colorsdb.com,not found
moon33meetings.shop,not found
ca33borns.top,not found
soundupgrade-bmw.de,not found
zee7availables.de,not found
website66course.shop,not found
zee61pages.top,not found
zee33careers.top,not found
zee61thinks.top,not found
usa61stays.top,not found
moon33outs.xyz,not found
kirpich-brylino.ru,not found
cumsure.online,not found
ca61firstss.shop,not found
flameordinaryhonours.com,not found
usa61newspapers.top,not found
xfxtqjg.com,not found
moon61views.xyz,not found
ca7movies.xyz,not found
xzaduwoxwr.com,not found
moon61forces.shop,not found
moeimg.fan,not found
usa61nones.xyz,not found
usa33boys.shop,not found
hostloc.net,not found
zee7programs.top,not found
ca61mys.shop,not found
usa61sizes.top,not found
zee61industrys.xyz,not found
flaminguru.ru,not found
lostservices.us,not found
zee7seess.de,not found
286.com,not found
usa33ors.top,not found
mini.com.pa,not found
ca61stocks.xyz,not found
ca33betters.shop,not found
slotsobserverdigest.co.uk,not found
moon7withss.xyz,not found
moon61hairs.xyz,not found
bighik.ru,not found
usa61grows.shop,not found
ca33peoples.xyz,not found
monetas.co.uk,not found
k798.net,not found
3ctech.com.br,not found
haohe.fun,not found
website44foreign.shop,not found
ca7civils.top,not found
qqfunbet.link,not found
police.md,not found
ca61whiles.de,not found
turbocdn.st,not found
usa33buildings.shop,not found
zee61debates.shop,not found
blog33prove.shop,not found
moon61untils.top,not found
moon33discovers.top,not found
estotycdn.com,not found
reed-export.fr,not found
shoratex-app-tech.com,not found
usa33directors.xyz,not found
trfgxb.icu,not found
moon33buildings.xyz,not found
zee61diseasess.xyz,not found
blog66market.shop,not found
usa61lates.shop,not found
moon33questions.top,not found
haggstromsmodehus.se,not found
a304fhxy.top,not found
zhkt.guru,not found
moon7havess.top,not found
ca61windowss.shop,not found
ca61withins.de,not found
zee7currents.shop,not found
videystream.asia,not found
armysquad.store,not found
sfaxunhan.com,not found
ca7foreigns.xyz,not found
nadeko.pw,not found
moon7pulls.xyz,not found
flyshoplavallata.it,not found
sorayanet.ir,not found
ca7careers.top,not found
zee61flys.top,not found
usa61forces.shop,not found
dateloves.com,not found
nina.com.py,not found
usa33beats.xyz,not found
ca7stocks.top,not found
zee61peoples.xyz,not found
zee7avoidss.xyz,not found
zee7cans.de,not found
moon7friends.xyz,not found
viva99resmi.world,not found
rzn03.ru,not found
rm365.nl,not found
ca61existss.shop,not found
surf.se,not found
sm084.vip,not found
ezdl.de,not found
zee33comes.de,not found
moon7pays.xyz,not found
ca7personss.de,not found
60winq.xyz,not found
ca33pasts.de,not found
zee61throwss.de,not found
ca33borns.shop,not found
ca33rates.top,not found
coldjuicebox.com,not found
usa33questions.xyz,not found
ca61boxs.xyz,not found
blog44particularly.shop,not found
aiphotoedits.fun,not found
zee7chancess.de,not found
usa7southerns.top,not found
ca33quicklys.top,not found
zee7seess.top,not found
usa33pages.shop,not found
usa7approachs.shop,not found
usa61focusss.xyz,not found
gamingwonderland.com,not found
usa33ands.shop,not found
arpc.ir,not found
byseraguci.com,not found
bixbyqa.net,not found
usa61fourss.shop,not found
usa61chairs.shop,not found
bpvmr7u6.com,not found
moon61musts.xyz,not found
usa7hangs.top,not found
3721cy.net,not found
ca33cultures.de,not found
usa7untils.xyz,not found
ca7alongs.de,not found
ca7approachs.xyz,not found
moon33backss.top,not found
ca33directors.de,not found
usa33participants.xyz,not found
anthonysjeweler.com,not found
moon33reallysss.top,not found
ca33reads.shop,not found
ca7radios.xyz,not found
investigatebel.org,not found
1138yhc301.top,not found
narutogt.it,not found
moon61imagines.top,not found
indianpornxclips.com,not found
ramatak.com,not found
6202.casino,not found
moon7publics.top,not found
bigbatbox.com,not found
dnshound.nl,not found
jivolia.com,not found
puppidiapers.com,not found
jquerycdn.club,not found
starrassets.com,not found
moon7grows.top,not found
ca33peoples.shop,not found
anybound.vip,not found
theevergreenjournal.co.uk,not found
ca7executives.shop,not found
insightjournal.co.uk,not found
a327yhc.top,not found
gowatchserie.com,not found
star71reallyss.shop,not found
ca7meetings.shop,not found
clearlynx.com,not found
ca61environmentals.top,not found
thefitfoodie.co.uk,not found
star50ats.shop,not found
usa7somebodys.top,not found
star71persons.shop,not found
theeverythingmixblog.co.uk,not found
ca7mentions.de,not found
moon61hospitals.top,not found
evrevolution.co.uk,not found
flashjunkie.co.uk,not found
laptopbatterydirect.net,not found
mosafer24.com,not found
onefitmamma.com,not found
zee61shes.top,not found
usa33candidates.top,not found
wxmj88.cn,not found
welldonesoft.com,not found
thealltopicsblog.co.uk,not found
globalwavestore.com,not found
cobwebstrange.co.uk,not found
ca7realitys.xyz,not found
ca33southerns.xyz,not found
usa61organizations.shop,not found
ca61friends.shop,not found
blog44field.shop,not found
halodoc.io,not found
edg.wtf,not found
star71victim.shop,not found
ca7reallysss.de,not found
deepfieldfilm.com,not found
usa61fills.shop,not found
moon7operations.shop,not found
kontorsbutik.se,not found
zee7memoryss.top,not found
expohistory.org,not found
moon33affects.top,not found
zee7lates.xyz,not found
moon33reallysss.shop,not found
scienceexplained.co.uk,not found
auydbswopjvtre.com,not found
porn5xxx.cc,not found
theideastream.co.uk,not found
blog44medih.shop,not found
zee33ones.de,not found
zee7beyonds.xyz,not found
themoviecorner.co.uk,not found
orsvarn.com,not found
ketabweb.com,not found
futurescientists.co.uk,not found
usa7heads.shop,not found
thetrendfusion.co.uk,not found
moon61follows.shop,not found
usa7grows.shop,not found
metrics-service.ru,not found
zee33memoryss.xyz,not found
blog44avoids.shop,not found
moon7leasts.xyz,not found
zambiaflora.com,not found
dadlifehacks.co.uk,not found
zee7authors.top,not found
zee33pasts.de,not found
jinjiangshipping.com,not found
riseofagon.com,not found
cartechtalks.co.uk,not found
mini-empregorede.pt,not found
fuzzle.org,not found
ca61camerhs.top,not found
usa61quicklys.xyz,not found
weathertrip.net,not found
zee7ranges.xyz,not found
campnibble.com,not found
1139fhxy301.top,not found
zee7evidences.top,not found
thedailybuzzonline.co.uk,not found
pve.cl,not found
thewellnesswriter.co.uk,not found
moon7weights.top,not found
blog44school.shop,not found
summitclub.jp,not found
ca61whichs.shop,not found
newstat.monster,not found
ca61stays.xyz,not found
allthingsinteresting.co.uk,not found
trendfusiontoday.co.uk,not found
twlnmg.com,not found
1134yhc301.top,not found
37486231.xyz,not found
remont-epos.ru,not found
blog33measure.shop,not found
ca7mes.xyz,not found
1137yhc301.top,not found
zee61throwss.top,not found
ultimatebloggerspace.co.uk,not found
deepsearchai.co,not found
beneficios-feria.com,not found
jprnzn-331139.cc,not found
blogcentraluk.co.uk,not found
jackpotmaniazone.co.uk,not found
pornxp.pe,not found
aranoland.ir,not found
theinsightpost.co.uk,not found
extraspot-proc.net,not found
zee33agencys.top,not found
star71artist.shop,not found
ghrcqb.shop,not found
moon61shes.xyz,not found
ca7mentions.top,not found
moon33measures.shop,not found
moon61hes.xyz,not found
realtime-fantasy-sports.com,not found
mailhazard.com,not found
everydaynotes.co.uk,not found
visaups.ir,not found
moon33meetings.xyz,not found
rehabafterstroke.com,not found
zee61grows.de,not found
chatsignal.in,not found
ca7sets.xyz,not found
theblogspot.co.uk,not found
thepersonalpost.co.uk,not found
omega-portal.com,not found
happyhousehold.co.uk,not found
588bam2.net,not found
ca7throwss.de,not found
usa61bests.shop,not found
zee61newspapers.shop,not found
81dushu.org,not found
desamargaluyu.com,not found
eyedeadns.com,not found
odd.ir,not found
winku.club,not found
kalu-nissa.com,not found
yourdailydigest.co.uk,not found
bmwfinance.jp,not found
theunlimitedtopicblog.co.uk,not found
zee33reflects.xyz,not found
knowledgeworldblog.co.uk,not found
usa7focusss.shop,not found
littlestepsuk.co.uk,not found
moon7smalls.top,not found
ssvr.net,not found
curtidoslasa.com,not found
iphibaigethouw.net,not found
serversdo.com,not found
subcenter.net,not found
delivertherainbow.com,not found
huntagift.com,not found
usa7sures.top,not found
usa7ages.top,not found
financialwisdomuk.co.uk,not found
mobile-master.com,not found
zee61singles.xyz,not found
ca7hotelss.shop,not found
edtjzmzl1.click,not found
allprooffroad.com,not found
zee33necessarys.shop,not found
zdzdiqov.cc,not found
sq03.shop,not found
moon7sources.xyz,not found
planetizepackaging.ca,not found
usa33quicklys.shop,not found
zee61movies.top,not found
theinspirepost.co.uk,not found
bluebirdgoldpdf.site,not found
imagendcd.com,not found
moon33discovers.shop,not found
ohioresidentdirectory.com,not found
zee33admits.shop,not found
moon7grounds.xyz,not found
zee61chancess.top,not found
porady.com.ua,not found
mishfa.com,not found
nyrvsystems.com,not found
moon7patterns.top,not found
mintrudlnr.su,not found
moon33overs.xyz,not found
98dxs.net,not found
slzz.org,not found
universaltrendsblog.co.uk,not found
star71per.shop,not found
blog44ground.shop,not found
moon7fulls.shop,not found
allcloud9.com,not found
thethoughtcorner.co.uk,not found
zee61personals.xyz,not found
zee33meets.xyz,not found
egaland-dns.es,not found
moon61drops.shop,not found
glonv.com,not found
sikapp.ir,not found
hnjiexi.com,not found
banzai-bd34.com,not found
hkgp.top,not found
mylovesushi.ru,not found
ybxs.cc,not found
ca7musts.xyz,not found
solgenindia.com,not found
ppcn.co.jp,not found
moon7meets.shop,not found
cbcloud.ru,not found
usa7childss.xyz,not found
moon61stays.top,not found
darkdecember.net,not found
thebuzzspot.co.uk,not found
shuyuandu.com,not found
jiexiangtextile.com,not found
iosh5md.com,not found
zzgjjx.cn,not found
usa61mys.top,not found
infradax.com,not found
areyounuts.net,not found
banzai-ru1.com,not found
blog66threes.shop,not found
ca61somebodys.shop,not found
huskypedia.org,not found
moon61firstss.xyz,not found
usa7toos.xyz,not found
blog33reality.shop,not found
30888.com,not found
moon33reads.top,not found
zee61rates.xyz,not found
zee7choicess.top,not found
zee7mays.xyz,not found
moon61throwss.top,not found
moon7points.xyz,not found
jackpotnote.co.uk,not found
thesmartinvestorblog.co.uk,not found
scaninghome.cloud,not found
easieh.click,not found
otakusphere.online,not found
zee7fourss.shop,not found
ca61personals.top,not found
theallroundjournal.co.uk,not found
zee7twos.shop,not found
serwebsima.com,not found
fgibqt.cn,not found
lureaux.com,not found
ca33careers.de,not found
krishiagro.com,not found
ca61authors.de,not found
dogxs.cc,not found
aerolux.ie,not found
zee61whiles.shop,not found
moon7oils.shop,not found
kuaipin365.top,not found
zee7nights.de,not found
slotsmirrorreporthub.co.uk,not found
radioberza.com,not found
stanfordscaffolding.co.uk,not found
hamparts.shop,not found
moon33pasts.shop,not found
gravityless.space,not found
zee61organizations.de,not found
theevergrowingblog.co.uk,not found
movies24free.org,not found
ifabao.com,not found
blog44far.shop,not found
dailyvibesblog.co.uk,not found
fibersix.it,not found
pocketbook.uk,not found
ca61memberss.shop,not found
370kb.com,not found
eurobank.rs,not found
roadtripadventures.co.uk,not found
ldpiow.com,not found
zee7howevers.xyz,not found
sbctest.com,not found
mykiemtienutet.life,not found
bsvgroup.com,not found
ca7onlys.top,not found
37486253.xyz,not found
artgallerysuperstore.com,not found
croweinvesting.com,not found
ca7heads.top,not found
liadancestudio.ru,not found
1712bonus.casino,not found
interscrewfix.co.uk,not found
super88original.top,not found
iproyal.net,not found
startuptalks.co.uk,not found
lespeppers.de,not found
zecisw.com,not found
usa61himselfs.shop,not found
ca33mothers.shop,not found
coppsbuildall.com,not found
plumbingspareparts.com,not found
clicking.com.br,not found
vipnumberharyana.com,not found
reelwireuk.co.uk,not found
kamrajenterprises.com,not found
ca7buildings.top,not found
zerkalo83.casino,not found
usa61memberss.top,not found
evoltinsights.com,not found
moon7childss.xyz,not found
usa61exactlys.top,not found
ref4.com,not found
zee7borns.shop,not found
tokaiholdings.co.jp,not found
moon61weights.shop,not found
rxtjdd.com,not found
jaxenorm.us,not found
ca7nones.xyz,not found
ca61rates.shop,not found
bettinglogic.co.uk,not found
ca33questions.de,not found
casinostreambuzzhub.co.uk,not found
usa7shes.shop,not found
moon7personss.xyz,not found
storytelleruk.co.uk,not found
blueserver2020.com,not found
cakhiazxf.cc,not found
internal.ws,not found
theexplorerblog.co.uk,not found
casinoheadlinehub.co.uk,not found
zee7whichs.de,not found
zee61participants.shop,not found
shapene.co.uk,not found
gamblersdailyhub.co.uk,not found
blog44step.shop,not found
watami-takushoku-recruit.net,not found
eatquick.net,not found
tudouwenku.com,not found
partnerassistance.co.uk,not found
usa61boys.shop,not found
batteries.gr,not found
zqyitt.com,not found
ca7thoses.top,not found
ca7whens.top,not found
ucrm.ru,not found
cfrubrightiqk.today,not found
slotnewsroom.co.uk,not found
iss-ic-memphis-misraim.com,not found
zee61variouss.xyz,not found
zee33ours.shop,not found
zee33projects.xyz,not found
cheesemanger.com,not found
prodvizhenie-sajtov-v-moskve2.ru,not found
sogogoods.com,not found
avandpub.ir,not found
ioffice.kz,not found
kruunuasunnot.fi,not found
dklak.cam,not found
bankrotmarket.ru,not found
slotsmirrorupdatefocusdaily.co.uk,not found
digporntube.com,not found
casinospinmaniahub.co.uk,not found
gebidemengmianren.com,not found
usa7expects.xyz,not found
almarena.com.ar,not found
casyvo.com,not found
spplus.xyz,not found
unwrittenpages.co.uk,not found
ingendoo.de,not found
cwwyan.com,not found
usa61groundss.shop,not found
41tr88.com,not found
ahxxtube.com,not found
ba7.game,not found
coolsexnewru.com,not found
cum-desi.com,not found
drmh2.com,not found
extreme-down.fit,not found
geelyslots.asia,not found
j7.game,not found
nanobanana.im,not found
orangepix.is,not found
sosplay.net,not found
tk11app.bet,not found
tradetokentoday.com,not found
vnchich.lol,not found
xsnr6e2qb.com,not found
star50betters.shop,not found
brolix.xyz,not found
usa7sisters.shop,not found
lectormangaa.net,not found
butccm.in,not found
usa61fears.top,not found
borngifted.co.uk,not found
freexxx.top,not found
islandhydraulic.com,not found
otheremotions.com,not found
1win-jjj-official23.top,not found
eduour.cn,not found
ca61befores.de,not found
xtreamfile.cv,not found
blog44babys.shop,not found
datarestorations.com,not found
alcotthallpdf.top,not found
salmanav.com,not found
wildcatbluenation.com,not found
altinelshipyards.com,not found
forhedidnotapp.com,not found
usa7simplys.shop,not found
caseonline.se,not found
bullionstar.us,not found
casinobonusmania.co.uk,not found
marketcupru.xyz,not found
tsarevgorod.ru,not found
casinovek.online,not found
mallingeiendommer.no,not found
ditto.pub,not found
idinusantara.org,not found
sinefile.com,not found
samuraitoto006.com,not found
zee33reflects.de,not found
artfol.app,not found
logic-books.info,not found
dghsz.xyz,not found
jackpotnewsupdate.co.uk,not found
lwong.fr,not found
sunwin.poker,not found
casinozmf.online,not found
yongxindashiye.com,not found
mintysale.com,not found
usa33returns.shop,not found
hamzie.xyz,not found
southlandbeer.com,not found
aksawndu.com,not found
xiyuanbook.com,not found
blueribbonhosting.com,not found
tboxtarh.ir,not found
zz3d.fr,not found
trabattellionline.com,not found
moon33reads.shop,not found
ankaakvaryum.com,not found
smartbiztrends.co.uk,not found
atpu.ru,not found
ca33sizes.xyz,not found
ca61overs.xyz,not found
communistnews.net,not found
blog33between.shop,not found
narkolog-na-dom-4.ru,not found
stoiximatikesxenes.gr,not found
yifajingren.com,not found
mxmpark.com,not found
zee7hes.shop,not found
viideey.click,not found
slotsreviewmania.co.uk,not found
citytavern.com,not found
chickenroaduganda.com,not found
moon61nones.top,not found
sammyspizzanaples.com,not found
moon61industrys.top,not found
etobicokecondominiums.ca,not found
seo-kejsy.ru,not found
nicenic.com,not found
888aza.win,not found
aliaproperty.com,not found
oksak2777wajur.com,not found
gzxtgk.com,not found
druzya-iz-kartonnoy-korobki.christmas,not found
zoestergiou.com,not found
enclose.horse,not found
moon7throwss.shop,not found
ailvxs.com,not found
sogou-kantu.com,not found
meijutt123.com,not found
calmahost.com,not found
dns-diplom.ru,not found
foxessellfaster.com,not found
cloutify.ai,not found
itgroupserver.be,not found
coolstream.to,not found
zee7underss.shop,not found
genderquery.com,not found
khanemostanad.ir,not found
inspireconversations.co.uk,not found
ca7somebodys.xyz,not found
kelleybluebookhomes.com,not found
dragonviajes.com,not found
npas.com,not found
neckarinsel.eu,not found
61cslijatstle08.cc,not found
getlate.dev,not found
manna.co.nz,not found
thepartsolution.com,not found
tresbonplan.fr,not found
laprimeracloud10.com,not found
pole-eau.com,not found
dpthemes.com,not found
zee61peoples.shop,not found
moon7radios.shop,not found
zup.com.br,not found
highfly-bets.com.pt,not found
webconn.co.kr,not found
top10-casino.buzz,not found
mobilbahis1211.com,not found
blog33one.shop,not found
medabka.com,not found
hailuoxs.com,not found
cometa.ir,not found
ca33ands.shop,not found
worldsportssummit.org,not found
ibusxs.com,not found
turk-room1.top,not found
accountingsolutionsuk.co.uk,not found
smithtoolsupply.com,not found
website44glass.shop,not found
milfxteen.space,not found
thermacut.kz,not found
xn--tinkerbellkostme-wzb.de,not found
ackermanmusic.co.uk,not found
ukryty.ovh,not found
schoolofscaling.io,not found
auto-ads7.site,not found
moon33projects.shop,not found
obr.site,not found
slotsmirrorbuzzhub.co.uk,not found
casinospinwaveblog.co.uk,not found
hardbrakes.com,not found
bokeptime.com,not found
colorauction.com,not found
casinobuzzuk.co.uk,not found
solobet138.com,not found
pchpic.net,not found
usa33points.xyz,not found
covenkal.com,not found
tstrcklds.site,not found
hakuba47.co.jp,not found
epidemz.me,not found
codeant.ai,not found
formula-tmu.com,not found
anonosi.com,not found
ca61careers.shop,not found
watchalfavit.ru,not found
dedifast.cc,not found
infovitimas.pt,not found
blog66victim.shop,not found
usa61troubles.xyz,not found
innerpeacejourney.co.uk,not found
usa61windowss.xyz,not found
bhxnkbmb.com,not found
minecraft.how,not found
greenceu.com,not found
holy.com,1997-05-21T00:00:00Z
rockypointcharters.com,not found
hinconstruction.com.my,not found
heiroffirepdf.top,not found
rezone.de,not found
momentsanmemories.co.uk,2024-06-07T00:00:00Z
gilarena.com,not found
asiagourmetcancun.com,not found
web50publics.top,not found
gametcti.com,not found
ksghtnop.com,not found
inhostingweb.com,not found
elektrokarnizy4.ru,not found
pokerok228.com,not found
zeroevent.ru,not found
freeworkathomeguide.com,not found
586bet10.com,not found
ambienteseguro.org.ua,not found
stroimvipoteku.ru,not found
mangarawad.art,not found
aprenderly.com,not found
orgonline.org,not found
usa7ranges.top,not found
pratikdns.com,not found
alqualonde.org,2003-09-08T06:36:27Z
logokleidung.de,not found
didiaozhuanfa.uk,not found
moreleadslocal.com,not found
naturalselectionsllc.com,not found
reapit.website,not found
simmerandsoakco.com,not found
teehub.com,not found
redirectmyquery.com,not found
thecaryoudrive.com,not found
pakistanipornmovie.com,not found
digitaleschoenendoos.nl,not found
socialpostman.com,not found
casinospinpro.co.uk,not found
moon61stocks.top,not found
spotontennessee.com,2018-12-24T11:37:44Z
benne-trasporti.ch,not found
aibaidugobc.top,not found
pn-tabanan.go.id,2013-02-13T13:35:19Z
re-st.ru,not found
yuyuwoodcarving.com,not found
jstherightway.org,not found
zee33newss.de,not found
usa7similars.top,not found
banjingyan.com,not found
usa33alongs.shop,not found
macaugege1.com,not found
neonclub13.pro,not found
braydon.ru,not found
wenwuchina.com,not found
vrpatriot.ru,not found
um866.com,not found
watchseriesz.uk,not found
motchill37.com,not found
gzrally.com,not found
a308jys.top,not found
qkqwhg.com,not found
uswa.edu.pk,not found
moon61pages.shop,not found
usa61somebodys.top,not found
randisphotos.com,not found
premiumconvenio.com.br,not found
231c.online,not found
mar-szd.top,not found
directvnet.cl,not found
usa33memoryss.xyz,not found
star71over.shop,not found
brightsilenc.com,not found
misstuan.com,not found
usa7personals.top,not found
5y51l9s2.us,not found
devs343.com,not found
zhiyuxs.cc,not found
azarinweb.ir,not found
slotsmirrorfocusbuzz.co.uk,not found
csv4you.com,not found
petregistry.io,not found
casino-playfortunai0hm5by8nb.com,not found
irikco.com,not found
ca33againsts.shop,not found
pomandauk.co.uk,not found
moon7untils.shop,not found
internet-prodvizhenie-moskva2.ru,not found
ca61fasts.top,not found
plinko-game-valor.in,not found
calientesport.org,not found
cuvantsicarte.ro,not found
zettecore.com,not found
pknpk.com,not found
slotcitybuzz.co.uk,not found
slettestrand.de,not found
artheroes.com,not found
795698.com,not found
othminicabs.com,not found
zee7hims.de,not found
rycplaygame.com,not found
ca61partners.shop,not found
cnameip.xyz,not found
cnaa.md,not found
avandprinter.com,not found
smbxgame.com,not found
zee33meetings.shop,not found
gymstar.pl,not found
kingboxmail.online,not found
eldoradocasino-bln.top,not found
4ray.co,not found
hi-driver.com,not found
bluestrokelabs.com,not found
skanray.com,not found
xadof.net,not found
zee7hangs.xyz,not found
fuckmydick.net,not found
relishsandwichesabq.com,not found
uec.gov.mm,not found
ca61hims.de,not found
bolasystems.com,not found
zaodian.com,not found
ca7dos.de,not found
clubdellamicizia.it,not found
ca61hards.shop,not found
1win-oficial-site7.top,not found
raptorsupplies.es,not found
usa7republicans.shop,not found
zee7plants.top,not found
africabizfairs.com,not found
compufour.app.br,not found
blog44similar.shop,not found
checktimes.com,not found
mini.com.uy,not found
taiwanorder.com,not found
maghrebfilmfestival.com,not found
formatoxxl.com,not found
star71similar.shop,not found
star71radio.shop,not found
slotsreviewclub.co.uk,not found
1winzerkalo.com.ua,not found
kingboxmail.store,not found
itshouldhavebeenyoupdf.top,not found
parinek.site,not found
vizemerkezi.com,not found
casinoarenaonlinedigestreport.co.uk,not found
moon61southerns.xyz,not found
beeaabdigt.cc,not found
russiatimes.info,not found
moon61trades.xyz,not found
rbt-rtk-406.com,not found
lsymultihost.de,not found
radiocassette.cl,not found
2630pt.com,not found
worldofappliancesbh.com,not found
seo-blog4.ru,not found
aledal-alhorn.info,not found
dgsmgi.org,not found
designerssystem.com,not found
88888888888888888888888888888888888888888888888888888888.com,not found
moon7troubles.shop,not found
runnigga.run,not found
artistsarea.com,not found
ca7mothers.xyz,not found
grey.engineering,not found
tznkyd.com,not found
moon61reallysss.shop,not found
dsogoman.com,not found
lottu-cadastro.com,not found
wikisum.org,not found
8x9547.com,not found
alnassermfr.com.sa,not found
plchinese.com,not found
moon33backss.xyz,not found
tgdyk.com,not found
gmi1.net,not found
theadventurousspirit.co.uk,not found
99414740.com,not found
excellencegateway.org.uk,not found
publikasiku.id,not found
zee7evidences.shop,not found
reelgamejuso.net,not found
csd02.cn,not found
thehandlestudio.co.uk,not found
slotmacau188ad.sbs,not found
1win-nnn-offi32.top,not found
slotsdigesthub.co.uk,not found
dlis.gov.dm,not found
czgongzuo.com,not found
ca61somebodys.de,not found
casinoreviewbuzz.co.uk,not found
flashsoccer.com,not found
urnews24.com,not found
cloud-group.net,not found
phw5dz6ki.com,not found
agmon.ru,not found
mowee.com,not found
global-dms.com,not found
applykrdoo.com,not found
baremetal.co.za,not found
accountpassword.net,not found
masterrussian.net,not found
imposinghosting.com,not found
dj-verkoop.nl,not found
kbbukopin.com,not found
pornworks.app,not found
electromechanicalspares.com,not found
bbwguru.com,not found
jssfxzx.com,not found
trueaccess.care,not found
alilicloud.com,not found
abc88.app,not found
usmsystems.com,not found
shirfilm.org,not found
redmonfare.com,not found
bbrwin.mx,not found
zee61medihs.shop,not found
spininsight360.co.uk,not found
metas.az,not found
sm075.vip,not found
doctorfolk.com,not found
jhlarson.com,not found
succincloinebegary.cyou,not found
nyxt.dev,not found
casinozdt.online,not found
sloveniahotel.net,not found
sm082.vip,not found
americanpharmawholesale.com,not found
yinhuadm.cc,not found
40231930.com,not found
website96.ru,not found
jonesdaytech.com,not found
big5constructsaudi.com,not found
yoobuy.in,not found
shymbulak.com,not found
snstaxpayments.com,not found
bocariogallegos.com,not found
xa61ghd.com,not found
ca61drops.de,not found
comsh88.top,not found
blog66past.shop,not found
vavada-eod.top,not found
lpsearchapi.com,not found
faisalalghayath.com,not found
geniecollection.ps,not found
norfolkgeeks.co.uk,not found
ca61bars.xyz,not found
regal33.com,not found
graal2001.com,not found
taunus-therme.de,not found
cybertruffle.org.uk,not found
slotsreviewfocus.co.uk,not found
golapaz.com,not found
expidient.com,not found
cvag.de,not found
ownpathway.digital,not found
xbls7.sbs,not found
onew88.com,not found
garcianadal.cl,not found
takeoffpoint.net,not found
parsianits.com,not found
kalamaria.gr,not found
hqsexmov.com,not found
r7casino294.com,not found
alphahost.dk,not found
ensham.com.au,not found
ca61flys.xyz,not found
ultramovies.net,not found
xmev.ai,not found
byerschoice.com,not found
spinstrategy.co.uk,not found
lucylipps.com,not found
doebe.li,not found
gamereactor.asia,not found
iranol.ir,not found
slotsjournalupdatehub.co.uk,not found
zee61wells.shop,not found
precisionturbo.com,not found
casinoplayershub.co.uk,not found
rigeryhost.ru,not found
zee61currents.shop,not found
sifang8.cc,not found
dialogturkiye.com,not found
financialleaseconcurrent.nl,not found
ohstr.com,not found
casino-valor.com,not found
casamusicalesanfilippo.it,not found
notedpeople.com,not found
jackpotvoice.co.uk,not found
usa61experts.top,not found
pulse.aws,not found
sm080.vip,not found
hithium.com,not found
slotstribune.co.uk,not found
operasanfrancesco.it,not found
glory-casino-bengali.com,not found
gyrinidgurjara.qpon,not found
monxtra.be,not found
domeallstar.com,not found
newclientdemo.com,not found
brianlovin.com,not found
slotsinsightspot.co.uk,not found
zee61grounds.de,not found
ca61shes.shop,not found
dig-up.net,not found
usa61buts.xyz,not found
teevo.com.br,not found
cqyuntaiwl.com,not found
zee61toos.xyz,not found
rail-transit.com,not found
vidacristiana.info,not found
soccer-fixedmatches.com,not found
moon7meetings.shop,not found
commentseruiner.com,not found
usa7withss.top,not found
usa61fathers.top,not found
casa-inc.co.jp,not found
crendalovix.info,not found
jfa.com.jo,not found
realfabrica.com,not found
wodocx.com,not found
superdumps.com,not found
modenacalcio.com,not found
pa-buol.go.id,not found
cvoharley.com,not found
sm081.vip,not found
ecm-consulting.ru,not found
kitecamp.by,not found
xrxxw.com,not found
usa61hospitals.shop,not found
tniraxt.cn,not found
figure-castoff.info,not found
astralbathware.com,not found
healthtechalpha.com,not found
habergurpinar.com,not found
tech2.hu,not found
smtp-biz.ru,not found
5263.casino,not found
georgetelegraph.org,not found
casinodailyhub.co.uk,not found
site.pictures,not found
mbstu.ac.bd,not found
dubaicitytourism.com,not found
casinoinfobuzz.co.uk,not found
sunnahaqiqah.com,not found
ca7reads.xyz,not found
liconservative.com,not found
redonionboone.com,not found
souyu.co.jp,not found
aresmobil.xyz,not found
teamestrogen.com,not found
reelfocus.co.uk,not found
ufabet369.vet,not found
hausasongs.com,not found
slotjournal.co.uk,not found
loveon.chat,not found
loterie-tikety.cz,not found
parkwayford.com,not found
mgfggs.net,not found
cimat.edu.in,not found
xn----7sbfcladufn6cbmighei.xn--p1ai,not found
winterwonderlandnorwich.com,not found
elimbiz.com,not found
sanitarywareoem.com,not found
freshost.pl,not found
sunucupanelim.com,not found
email-provider.ru,not found
flightterminalinfo.com,not found
openaicommunities.shop,not found
valeriodistefano.com,not found
immaginoteca.com,not found
maratonadorio.com.br,not found
jammuandkashmirbank.com,not found
skinsidescoop.net,not found
eletel.net,not found
moon33mrss.top,not found
dongbicure.com,not found
ookami.services,not found
dnshost.ovh,not found
summerwindtrails.com,not found
gulbhahar.com,not found
spieletest.at,not found
cg-infra.net,not found
72admin.ru,not found
blackgoldfoods.mv,not found
mataking.com,not found
apktg.net,not found
topnewsmags.com,not found
clever.cloud,not found
konyasitesi134.xyz,not found
urusai.cc,not found
xdesign.kr,not found
ultahosto.lol,not found
luckynetwork.co.uk,not found
glatfelterpublicentities.com,not found
globalnetwork.bond,not found
slotsobserverpress.co.uk,not found
heroncity.com,not found
zirvede.net,not found
ca7fishs.de,not found
firstunionloans.co,not found
1win-official-bk08.top,not found
chpango.com,not found
ca7twos.shop,not found
usa61nearlys.top,not found
mayfair-it.com,not found
rwserver.com,not found
cnshobby.com,not found
professionally.ru,not found
lilycollins.us,not found
steamply.com,not found
dermalogico.com,not found
vrmproperties.com,not found
pilotpen.fr,not found
segimona.com,not found
zee61workers.de,not found
istanbulkitapfuari.com,not found
tltnewflat24.ru,not found
casinoswh.online,not found
french-twinks.com,not found
dein-marktkauf.de,not found
theeatingemporium.com,not found
perabet1160.com,not found
two-drifters.co.uk,not found
my-animeporn.com,not found
usa33plants.top,not found
interline-hub.de,not found
derbyvanman.com,not found
buchszene.de,not found
infor-erp-user.com,not found
moon61musts.top,not found
rutaliaweb.com,not found
aerospace-hardware.parts,not found
chrome.dev,not found
medicalservice.ru,not found
lissmats.se,not found
casino1838.ru,not found
yd789012.com,not found
1win-officialsite-casino.top,not found
pn-kualasimpang.go.id,not found
pokiki.com,not found
reeldigest.co.uk,not found
ca61hairs.shop,not found
dreammagic.ru,not found
reelzine.co.uk,not found
worldwidecompanieslist.com,not found
yamorsoft.com,not found
lordfilmslap.lat,not found
premierlabsolutions.com,not found
casinovibes.co.uk,not found
twistetal-kleinanzeigen.de,not found
tfgretirementfund.co.za,not found
big-brief.com,not found
ca7questions.xyz,not found
timventuresinc.com,not found
mavibet905.com,not found
confer.to,not found
llm99.com,not found
origami-shop.com,not found
dedebet157.com,not found
onplanet.eu,not found
mobilealgerie.com,not found
globalxetfs.com.hk,not found
zakvaski.com,not found
kyrgyzaltyn.kg,not found
iwebdns.ir,not found
ag-965.com,not found
1win-official-zerkalo21.top,not found
uswebcity.com,not found
newbiefly.com,not found
ebursaauto.ro,not found
attik.com.au,not found
ca61naturals.shop,not found
razvitie-mo.ru,not found
bsqbaby.cn,not found
thumbstacks.com,not found
betnewsdaily.co.uk,not found
corc.ir,not found
casinodailybuzz.co.uk,not found
moviebox.co.ke,not found
chinachandelier.com,not found
sixazkids.com,not found
actrealm.com,not found
usa33races.top,not found
zufusszurschule.de,not found
zee7views.de,not found
industriearmaturen-shop24.de,not found
simone-melzer.de,not found
1win-site-16.top,not found
kiemlinhcmn.vn,not found
cooperation-sphere.ru,not found
ca7pasts.de,not found
omnes.com.mx,not found
naturavibehub.online,not found
ktmoli.com,not found
tktimemanagement.com,not found
site-giant.biz,not found
bellatio.nl,not found
sagecalculator.com,not found
devband.ru,not found
natss.store,not found
refer.pt,not found
usa61yets.top,not found
audreylin.org,not found
macskillsdevelopment.com,not found
aboutyou-outlet.lv,not found
ivolga-nn.ru,not found
pn-semarapura.go.id,not found
casinoplaybuzz.co.uk,not found
moon61finallys.shop,not found
benidormpalace.com,not found
skyhost.in,not found
2sqg.com,not found
barakfashion.com,not found
redwall.org,not found
magistatic.com,not found
fantasyforged.ca,not found
casinogamehub.co.uk,not found
zee7pasts.xyz,not found
hbdm.vn,not found
farhosting.ir,not found
ca7agos.de,not found
montchovet.fr,not found
totria.com,not found
sweater365.com,not found
valormovil.com,not found
slotsclubzone.co.uk,not found
ca61explains.xyz,not found
pksf.org.bd,not found
moon33muchs.xyz,not found
porsche-altoetting.de,not found
heiliaosqu.com,not found
botfortresslab.co.in,not found
slotsdigestnote.co.uk,not found
beeaabddi2.cc,not found
it-home-cloud.ru,not found
fafa224.vip,not found
reelscoop.co.uk,not found
15hudsonyards.com,not found
usa7fathers.shop,not found
blog66fish.shop,not found
hdtelecom.co.kr,not found
soireal.ru,not found
rmpsuccess.com,not found
jlamothe.net,not found
mrshabake.com,not found
fafa217.vip,not found
12w.cn,not found
casinoreelinsider.co.uk,not found
doperoms.com,not found
pdzldev.ru,not found
rabota-kazani.ru,not found
dnialicious.com,not found
miracuves.com,not found
open88a1.com,not found
zee61whichs.xyz,not found
ultahoost.online,not found
casinopulsefocus.co.uk,not found
hiponline.com,not found
budgetbicyclectr.com,not found
lordfilmnal.lat,not found
sprunkigames.io,not found
ed4m.ru,not found
xtqyzz.com,not found
blendernews.org,not found
vertisky.com,not found
vn88.autos,not found
virtualidea.net,not found
bankobet169.com,not found
eurasiaajans.com,not found
escalade.ch,not found
ca7particularlys.top,not found
scorpionhost.com,not found
360entradas.com,not found
star71half.shop,not found
bavubuka.org,not found
ulttahost.xyz,not found
xx88tv.com,not found
click2mygst.in,not found
ptun-jayapura.go.id,not found
codia.ai,not found
ina.pt,not found
bestonlinecasinos2026.ru,not found
technoworld.com,not found
kmf.uz.ua,not found
roccaraso.net,not found
moon33ands.top,not found
pa-kualakapuas.go.id,not found
gp995-azinomo-bile.icu,not found
wimdeckers.online,not found
usa61heads.xyz,not found
auto-prava-go.top,not found
amsafe.org.ar,not found
avpartsforsale.com,not found
mehariclubdefrance.com,not found
mulinxs.com,not found
musicacademy.ir,not found
casinoarenaonlinemag.co.uk,not found
devhost.es,not found
moon7whiles.xyz,not found
dronespace.at,not found
mujiph.com,not found
casinovla.online,not found
familyfriendlyhotels.net,not found
lucywell.com,not found
premium-web.info,not found
sirax.aero,not found
usa33betweens.xyz,not found
pingproxies.network,not found
moon33mys.top,not found
haskel.com,not found
misoit.net,not found
serversdate.com,not found
ofertasbancarias.es,not found
moon61pays.top,not found
website61evidences.shop,not found
hwa-guan.com.tw,not found
esil.edu.kz,not found
slotstimes.co.uk,not found
aplicamedia.es,not found
ptun-jambi.go.id,not found
schweinske.de,not found
xmflv.cc,not found
retail.com.mt,not found
prelovedwholesale.com,not found
siebertron.com,not found
dic1.com,not found
ca7artists.de,not found
avalava.ru,not found
hz-hentai.ru,not found
firesevens.com,not found
ca33babyss.shop,not found
donnaroza38.ru,not found
pelvicpilates.life,not found
stockholmtatuering.se,not found
gbi-hosted.net,not found
ifinanses.lv,not found
aacadoption.com,not found
usa61imagines.shop,not found
pa-kaiyunsport.com,not found
moyublog.com,not found
kingdom-isp.com,not found
ca7buildings.de,not found
sunsun.info,not found
arjuna96-jp.lat,not found
rqbqeu.com,not found
wetnwild.com.au,not found
jb67.lol,not found
overpic.net,not found
novama.pl,not found
usa61avoidss.shop,not found
salonesapori.it,not found
tisc.edu.au,not found
5btghdfgjhdf.com,not found
ulltahoosst.homes,not found
themodernnomad.co.uk,not found
kinoman1hd.online,not found
reel360.com,not found
hoglander.se,not found
shidu0118.com,not found
newcasinorank.com,not found
webisawsome.info,not found
iwebhotel.dk,not found
wackwack.net,not found
thecnl.com,not found
cvetsklad.ru,not found
stikesbup.ac.id,not found
attorneyaround.de,not found
christophermpisitraining.co.za,not found
hadoopt.com,not found
shopthecottage.com,not found
cango.africa,not found
slotsmirrorfocusdaily.co.uk,not found
dirasston.com,not found
cqr.com.ar,not found
ioffer-movies.com,not found
atvheat.com,not found
moxiplayer.com,not found
fafa214.vip,not found
baijiantest.com,not found
zagonka-1368.site,not found
almaty.kz,not found
maslomobil.ru,not found
breastnexum.com,not found
unblocked.nu,not found
oud-shop.com,not found
btcyazilim.com,not found
slotsnetworkhub.co.uk,not found
wsprivatehost.com,not found
margbooks.com,not found
verthalyx.info,not found
ysnlc.com,not found
ua-proxy.net,not found
traiv-komplekt.ru,not found
camerausers.com,not found
beatlewat.com,not found
048fa04296c434b498f49cf69dd8e2fa382861e6f87ca56afec83ff2.com,not found
maxco.cz,not found
popcornflix-hd.org,not found
slotsdailypro.co.uk,not found
sospro.fi,not found
summitview.live,not found
fafa238.vip,not found
7thleveltech.com,not found
zee7ors.top,not found
keenahealth.com,not found
liunique.de,not found
gaownersclub.com,not found
trimondo-webbriefkasten.com,not found
titik-atibapa.com,not found
zee33directors.xyz,not found
tecnocampo.net,not found
complic.cloud,not found
irmaobet.vip,not found
bat138.com,not found
mmostats.com,not found
hellosupermarket.co.uk,not found
ediis.fr,not found
urist-yaroslavl.ru,not found
newcastleaccommodation.com,not found
dexyan.ru,not found
top-esport-9yougame.com,not found
baumkronenweg.at,not found
superpro.com.au,not found
moon61points.shop,not found
bta-mall.com,not found
cmspcmspcmsp1.com,not found
corikindred.com,not found
gsjyfgjg.cn,not found
hiraethcelticgoods.com,not found
jlgwyw.org,not found
jsdelilai.com,not found
kgdhjc.com,not found
mbaxue.com,not found
nakleyki-vsem.ru,not found
promot.hu,not found
tankeai.com,not found
yueguang.org,not found
casinocentreforums.co.uk,not found
blog66and.shop,not found
chernyy-klever-jut-su.ru,not found
casinopostdaily.co.uk,not found
106bx.com,not found
108yunlang.com,not found
23wxx.com,not found
3mxs.com,not found
666808.xyz,not found
6fkkk.com,not found
78pxs.com,not found
78zw.org,not found
7mag.net,not found
accommodationredcliffe.com,not found
besthotelsinlondon.net,not found
betabookings.com,not found
blendblog.net,not found
bqg24.net,not found
bqg45.com,not found
bts-motorradteile.ch,not found
climatejustice.global,not found
dcmny.org,not found
diyi69.com,not found
earthsurface.net,not found
fdokumen.site,not found
flowers-yerevan.am,not found
gappori.jp,not found
glamira.com.sv,not found
gobidreal.it,not found
hive.photo,not found
hk-inventory.com,not found
hrgcjc.com,not found
hzqzwy.com,not found
ietscdn.com,not found
img114514.icu,not found
ineedagooddiet.com,not found
ipoasis.com,not found
kitchengarden.co.uk,not found
labelexpo.com,not found
machinerytrader.asia,not found
madabout-kitcars.com,not found
mianhuatang123.com,not found
muzlan.top,not found
nyfq.net,not found
online-tur.com,not found
paulstevens.org,not found
perthshotel.com,not found
qb5200.net,not found
rozastor.com,not found
sao-tencentclb.com,not found
saudecarenciazero.com.br,not found
senersogut.com.tr,not found
sidaiigakubu.com,not found
sisutraining.org,not found
subs.bg,not found
sydneytourism.com.au,not found
toplanodesaude10.com.br,not found
uksbd.co.uk,not found
vodtw.org,not found
whjinfeng.com,not found
xiaoyezw.com,not found
xjyqame.com,not found
xn--xhqz72o.com,not found
seo-blog3.ru,not found
illevante.cloud,not found
inawashiro-ski.com,not found
hair-marimo.com,not found
rescue24.com,not found
cam2save.com,not found
hostcram.com,not found
xjlsjz.com,not found
skisaintbruno.ca,not found
cicd.sd,not found
aluraco.store,not found
darwebbazar.com,not found
mst-uk.com,not found
jordanville.org,not found
iclinke.com,not found
filmizlepop.com,not found
mantap88.me,not found
bzxxzs.com,not found
klondikeadventures.com,not found
bioarc.ir,not found
starr.com,not found
casinoblogtime.co.uk,not found
xx88.asia,not found
akingaming.net,not found
rajshreeelectronics.com,not found
bizhelp.co.in,not found
4ufashion.de,not found
slotsmirrorupdate.co.uk,not found
usa61dos.top,not found
mmdept.com,not found
fafa222.vip,not found
moon7hims.xyz,not found
unitedclassifieds.sk,not found
789bet.casa,not found
shermans.com,not found
petehanson.com,not found
fst-foodservice.com,not found
mayorlabs.com,not found
padisahbet790.com,not found
getitmagazine.co.za,not found
ccj88.com,not found
mailer-online.ru,not found
job510.com,not found
1sh.art,not found
vfrnds.com,not found
acanomas.com,not found
konyaescort201.xyz,not found
mycellphonecase.co.uk,not found
valor-aviator.in,not found
javmix.one,not found
hpcbristol.net,not found
gamingnewsfocus.co.uk,not found
hsmed.com.br,not found
findatherapist.com,not found
ratahost.ir,not found
1000parts.com,not found
tiendavicortech.com,not found
suzukake.co.jp,not found
yixuedianzishu.com,not found
peugeot.co.il,not found
sonymusicsolutions.co.jp,not found
lilyease.com,not found
3434.casino,not found
shopsohobloo.com,not found
heinrich-koehler.de,not found
remont-betonnykh-konstrukczij-usilenie2.ru,not found
povporntrends.com,not found
zee7faces.xyz,not found
1win-apk-bonus.org,not found
anglimgilbertgallery.com,not found
98dw.com,not found
bmwmc.com,not found
t1-academy.ru,not found
tuzorpe.shop,not found
acceleratedwp.com,not found
telscape.com,not found
w-app.ir,not found
iwebp.store,not found
melodyfestival.it,not found
1wins-bk.org,not found
quartoelemento.com,not found
ozonenetworks.com,not found
ebook-finder.com,not found
airhelp.es,not found
canalstudio-tv.net,not found
moon61fathers.shop,not found
panviman.com,not found
zhifeiij.com,not found
trpa.gov,not found
vspmscop.edu.in,not found
piste-maps.co.uk,not found
alfaline.pl,not found
directvtlc.com,not found
viainternet.net.br,not found
yiehua.cn,not found
sit-dns.com,not found
dytgamze.com,not found
zee61victims.de,not found
dali-sale.ru,not found
fafa225.vip,not found
1140yhc301.top,not found
pmax.com.vn,not found
lemmurg.com,not found
nowbam.com,not found
historyofprojectmanagement.com,not found
sevenherbal.com,not found
xikcjxmb.com,not found
japan-news-collection.net,not found
usa7boxs.shop,not found
zicaichemical.com,not found
sunsilk.it,not found
ngs05.ru,not found
berlin-buehnen.de,not found
dollbao.com.tw,not found
sparshchildrenshospital.com,not found
creatorrule.com,not found
chedosushige.com,not found
whatisgoodhost.com,not found
pripojen.cz,not found
informer-mailer.ru,not found
canadaictbulletin.nl,not found
b5wrxb5i7.com,not found
venturatvos.com,not found
klippan.fi,not found
casinobonusguidebook.co.uk,not found
huibangpaint.com,not found
internalapp.com,not found
kritikatur.de,not found
pinpoint.jp,not found
annanews.co.id,not found
zylvorentis.info,not found
kentcasino-nto.top,not found
exploitedcollegegirlsporn.com,not found
billionairepronos.fr,not found
bruchsal.de,not found
s-fossen.no,not found
ip-15-204-140.us,not found
konyaescort100.xyz,not found
snnewswatch.com,not found
autoserviceprofessional.com,not found
quartertotwelve.com,not found
skycityhamilton.co.nz,not found
twinfm.com,not found
dcapital.co.il,not found
agence-presse.net,not found
wolford.ru,not found
offis.com,not found
tribunalibre.info,not found
king-rp.ru,not found
abrasce.com.br,not found
0yms.cn,not found
migenweb.org,not found
zairyou-zakka.com,not found
zee7churchs.de,not found
linhost.net,not found
aizexs.com,not found
toshin-ns.com,not found
agora.dk,not found
clipthai18.org,not found
bandwagon.fm,not found
kynthos.com,not found
rucheyek.ru,not found
mobiltokshop.hu,not found
aidingmao.com,not found
yalla-shootdz.com,not found
fafa227.vip,not found
nxgame.top,not found
jpaojfzimzki.com,not found
aemdns2.co.uk,not found
bodylinetokyo.co.jp,not found
streamingcommunityz.shop,not found
nos-colonnes.com,not found
bullbox.cyou,not found
mastodon.berlin,not found
caelus.lol,not found
gidroekoproekt.ru,not found
worldverse.com,not found
zee33affects.xyz,not found
hardcoreluv.com,not found
sb-innovation.de,not found
casibom7090.com,not found
jingjizhan.com,not found
thestradivaricode.com,not found
t21.buzz,not found
fqlook.cn,not found
zstandart.ru,not found
rajacuanhelp.com,not found
niikvov.ru,not found
ultaahostz.monster,not found
cldxapp.ru,not found
karla-wagner-stiftung.de,not found
usecaddy.com,not found
clicknbuy.ro,not found
51hanghai.com,not found
fuseenergy.com,not found
cercalavoro.com,not found
blackstonelibrary.com,not found
teamfdm.com,not found
fortunerookie.net,not found
fly88.ad,not found
jackpotnews.co.uk,not found
zelenaberza.com.mk,not found
sedal.cl,not found
leopardmodel.com,not found
pvpzkqj.icu,not found
vistagen.com,not found
localmaturematch.com,not found
mksajans.com.tr,not found
cabura.forum,not found
klubnika.support,not found
zee7reads.de,not found
ahakiinstitute.ac,not found
raramjqumo.com,not found
prossimacasa.it,not found
bonrusher.com,not found
coasta-de-azur.fr,not found
fifok.live,not found
kazokutei.co.jp,not found
droneup.com,not found
fishbase.net.br,not found
fgcroseville.com,not found
intercot.com,not found
moon7similars.top,not found
ti12.kz,not found
ev-gateway.com,not found
memanabuilders.com,not found
slotsnewsinsight.co.uk,not found
usa61discovers.top,not found
smtp-mailings.ru,not found
vox-casino-romania.com,not found
bysesayeveum.com,not found
vulkan-royal-official.com,not found
slotsobserverbuzzhub.co.uk,not found
nodalninja.com,not found
watch.ag,not found
t68win.com,not found
529fpb6ww.com,not found
slotsobserverdailyhub.co.uk,not found
tornby-ferienhaus.de,not found
lmi.ne.jp,not found
narkologicheskaya-klinika-stavropol15.ru,not found
pokerok242.com,not found
onlinecasinosbe.com,not found
casinoplayflow.co.uk,not found
israel-diamonds.com,not found
skyvegas777.com,not found
usa7agencys.xyz,not found
free-coloring-pages.com,not found
m3ubombai.top,not found
guppytraders-essentials.com,not found
blagoinfo.ru,not found
slotcomthai.org,not found
slotsjournalfocus.co.uk,not found
abem.io,not found
raisetheflag.world,not found
sexyeroticos.com,not found
bth-group.ru,not found
server547.net,not found
maxtor95.de,not found
nargesit.com,not found
websenso.com,not found
greenpickup.us,not found
cocuklahayat.com,not found
maxxsoft.nl,not found
montehermoso.gov.ar,not found
shunyanant.in,not found
pmisupplies.com,not found
ulltahoosst.online,not found
infinite-fusion.net,not found
misli-az.org,not found
mostbet-bd-club.com,not found
spins-heaven.com,not found
indoteknologistic.net,not found
bestebuecherthmann.de,not found
casinospinguidehub.co.uk,not found
uniformemedicalelotus.ro,not found
qsjly.com.cn,not found
inorg2025napoli.org,not found
teknosounds.com,not found
fafa236.vip,not found
e3connector.com,not found
karapuzikplus.ru,not found
dailydiyhub.com,not found
roboxquiz.com,not found
azero.biz,not found
animeonsen.org,not found
fluorocarbon.co.uk,not found
shenranst.com,not found
national-anime.com,not found
wencuibang.com,not found
cristianoronaldoclub.com,not found
boidu.dev,not found
carwebs.eu,not found
rumberger-soundproducts.de,not found
boursica.com,not found
pesimedia.com,not found
zee61mouths.xyz,not found
centrosantachiara.it,not found
bukfurdo.hu,not found
glorycasinobangla.in,not found
orientalsikkim.com,not found
slotnaga777.net,not found
mbeforyou.com,not found
1xbet-10.com,not found
it1101.nl,not found
messies.com,not found
corpharmacy.com,not found
xn--oy2b17l86fxrg95g.com,not found
narcocity.de,not found
helits.de,not found
daysinnpottstownpa.com,not found
rusline.com,not found
optics-focus.com,not found
reeasha.com,not found
ferienhaus-erde.de,not found
facybulka.me,not found
ktinternet.net,not found
hbomaxcomtv-signin.com,not found
pj-soft.net,not found
hoodoo.com,not found
prestizh-decor.ru,not found
landapiqq.com,not found
tlcasino.win,not found
areterenovators.com,not found
onrtip.gov.jm,not found
floorball.org,not found
cheap-vpn.uk,not found
star50artists.de,not found
mister-battery.be,not found
zhcn-rx-kyesport.com,not found
hz88slot.com,not found
coliseulisboa.com,not found
cudzoziemcy.gov.pl,not found
confiafarmacia.com,not found
manteiship.com,not found
reelrush.co.uk,not found
idm-pros.com,not found
appleby-gs.com,not found
pdfconverterhq.com,not found
bycasino319.com,not found
zaryaguest.ru,not found
restaurantebalintxarreketa.com,not found
marketasdiplomas.com,not found
theartcolor.net,not found
khfny.com,not found
hilaryclub.ru,not found
sysinformationmobilephons.com,not found
fwaburundi.org,not found
radwebhosting.com,not found
meinreha.de,not found
variantify.io,not found
fengying.com,not found
anhysing.is,not found
r154q2aof.com,not found
midwestbath.com,not found
sparks.org.uk,not found
studycats.ru,not found
cga.gg,not found
tjoob.com,not found
casinotrackbuzz.co.uk,not found
ca7banks.shop,not found
alrayyanassociates.com,not found
jiufawang.com,not found
unionspace.co.th,not found
greatplainsuniforms.com,not found
hnadycheck24.de,not found
smk.sn,not found
sofiaring.bg,not found
slotsmirrorfocus.co.uk,not found
moon7realitys.xyz,not found
netty.ne.jp,not found
healthinessmarket.com,not found
caa.md,not found
9918.tv,not found
eldoradosgoldrush.top,not found
0si39jdkq.com,not found
1jour1film1225b.site,not found
naturallisvital.com,not found
schoolboyfootball.com,not found
star71partner.shop,not found
net-steals.com,not found
pa-bintuhan.go.id,not found
fafa228.vip,not found
ca61soons.shop,not found
trmms.net,not found
fsgroupprivacy.com,not found
fafa210.vip,not found
fafa229.vip,not found
rkss.to,not found
4yj6epuy.xyz,not found
mm20.de,not found
wett-seiten.com,not found
prof-shaina-tibjiyc.work,not found
soma-eng.com,not found
ukiuki-express.com,not found
trustgateway.online,not found
erlab.com,not found
noithatgiasi.org,not found
sispts.com,not found
tabcode.cc,not found
xnxxmobi.net,not found
aviationforaviators.com,not found
seotrio.com,not found
fanhentai.net,not found
aftabhost.com,not found
metropoltv.co.ke,not found
usa61participants.shop,not found
objex.com,not found
deaddrive.shop,not found
metalltorg.biz,not found
tarotsolaguilar.com,not found
glefas.org,not found
hyhpuro.com,not found
olivkart.com,not found
vtomb.com,not found
marimoss.net,not found
alldiscountparts.com,not found
cercleduzero.org,not found
dako.gov.ua,not found
dorauto.com.ua,not found
ffjd.fr,not found
fordpartspros.com,not found
globalparts.es,not found
glow2b.de,not found
laclefdesetoiles.com,not found
ma-versand.de,not found
mltix.com,not found
nasetraktory.sk,not found
nkdesk.com,not found
qiangwei.org,not found
rojal.si,not found
seldenrijk.nl,not found
sidiros.gr,not found
sunmarket.es,not found
tibiaring.com,not found
tractorhouse.it,not found
truck1.at,not found
truck1.be,not found
truck1.cz,not found
truck1.hu,not found
truck1.sk,not found
vitaraclub.gr,not found
vonohorog-bolt.hu,not found
konyaescort202.xyz,not found
worldcode.win,not found
giftsforcardplayers.com,not found
bluelinestation.com,not found
ky-app-kaiyunesport.com,not found
simeona.com.br,not found
nacpb.org,not found
lordfilm-piu.ru,not found
1winruletka.org,not found
clicksurgepro.site,not found
sleeters.pw,not found
1cars.by,not found
domcavalo.com,not found
ottosport.ai,not found
mexicanmadness.com,not found
seiboldme.com,not found
lotterysambad.store,not found
xx88.army,not found
svenskporr.se,not found
icvanetwork.org,not found
zee7finallys.shop,not found
bordercollie.org,not found
rsvdns06.com,not found
theitops.net,not found
koharahosting.com,not found
rosedaleabbeygolf.co.uk,not found
hjsrchrdr.com,not found
online---casino.org,not found
buryyourgayschucktinglepdf.site,not found
flickwheel.com,not found
celebnews24hz.com,not found
aitoc.com,not found
alex41.xyz,not found
zootubex.tv,not found
mostbete.pe,not found
elang1368goals.cc,not found
splashespa.ch,not found
5pg50039.cc,not found
gasellinhammaslaakarit.fi,not found
lordfilm-ng.ru,not found
cafekeller.nl,not found
adsandclips.com,not found
3pc.de,not found
tankmachine.fr,not found
tulsisweets.com,not found
freelanced.com,not found
hotelcasinointernational.com,not found
newnoardicwave.com,not found
zdushi.com,not found
mediakmv.ru,not found
fengshangba.com,not found
cookcountyboardofreview.com,not found
qp110.com,not found
a24smyrhv.com,not found
uchianat.ru,not found
sfdmngrd.online,not found
ibizapatina.es,not found
maihoangphotocopy.com,not found
finbit.cyou,not found
narkologicheskaya-klinika-tyumen10.ru,not found
adserverus.info,not found
zee7weights.de,not found
ca61forces.de,not found
morrowbank.no,not found
xn--h1acckhlgi.xn--p1ai,not found
printersupport24x7.com,not found
usa61marriagess.top,not found
luckyfocus.co.uk,not found
lamparadirecta.es,not found
slochamber.org,not found
hareer.com,not found
viiidey.cfd,not found
osttazi.com,not found
hostingpill.com,not found
slotsfeedreviewhub.co.uk,not found
ulltaahost.skin,not found
mostbet-mstbt.com,not found
wunschgutschein.at,not found
naturavelo.com,not found
estradas.pt,not found
vodkacasino365124.fun,not found
supremecourtonline.in,not found
pinayflix.com,not found
elikarealestate.com,not found
nostojakuljetus.fi,not found
zerkalo31.casino,not found
zasshi.tv,not found
washrightsnetwork.org,not found
moon33agencys.xyz,not found
hqautomotive.com,not found
shopexpert.ir,not found
wuweiscape.com,not found
fixcm.com,not found
kbcgroupltd.com,not found
9338.cc,not found
1winbet-part.com,not found
crunch-marketing.com,not found
northwall.it,not found
handresearch.org,not found
meteopro.ru,not found
johnbintz.com,not found
ca33centers.shop,not found
ryoguchiya-korekiyo.co.jp,not found
rsvdns04.com,not found
magicdvdripper.com,not found
licitamos.cl,not found
lrc.lv,not found
scripter.biz,not found
vomp.tv,not found
b574.com,not found
semicollezione.com,not found
bitwisehosted.com,not found
usa61points.shop,not found
mediamanager.com.co,not found
sykaaa-dhp.top,not found
reetags.com,not found
wettanbieter-online.com,not found
mangofashiongroup.com,not found
sunsilk.com.ph,not found
spielbank-berlin.de,not found
softwizard.ru,not found
fafa221.vip,not found
laurent-motors.com,not found
royal888p.com,not found
bearflow.cyou,not found
casinoblogdaily.co.uk,not found
suave.com.ar,not found
kindertube.nl,not found
godsloveovercomes.com,not found
shtory-umnye.ru,not found
scottsigler.com,not found
hibernoenglish.com,not found
chibiakumas.com,not found
jkprohost.com,not found
sosaley.in,not found
dsl-don.ru,not found
hbnobulk.com,not found
difymusic.com,not found
slotmacau188k.lat,not found
hoopstudy.com,not found
diycostseg.com,not found
summithealthservices.org,not found
e-data.lt,not found
mytools.com.ng,not found
impactotic.co,not found
topic-finder.com,not found
dimplex.com,not found
tti-emaa.com,not found
zerkalo79.casino,not found
trackeroc.ru,not found
support-r.com,not found
bwna.in,not found
v-zh-leyu.com,not found
drincs.ro,not found
zee61havess.xyz,not found
dojos.ca,not found
kakunosh.in,not found
emisupply.com,not found
divorcebusting.com,not found
sibfl.gov,not found
bieszczadynocleg.pl,not found
gear-sprocket.com,not found
hwk-karlsruhe.de,not found
tipico-group.com,not found
breescape.com,not found
door-commerce.co.uk,not found
bazarport.com,not found
autoosta.lv,not found
frwood.fi,not found
studioplant.com,not found
gwppaving.com,not found
modaerossi.com.br,not found
renklinet.com,not found
smartvet.biz,not found
josimarfootball.com,not found
learningplanetinstitute.org,not found
lordfilmlat.lat,not found
st-shop24.de,not found
nitgr.com,not found
